current_price,old_price,vendor,product_name,month,prev_month_avg
4.99,5.49,Loblaws,"Naturegg Nest Laid White Eggs, Large",May,6.018972972972973
7.49,7.99,Loblaws,"Naturegg Omega Plus Solar Free Range Eggs, Large",May,6.018972972972973
4.28,5.99,TandT,Naturegg Large Omega-3 Brown Eggs (12s),May,6.018972972972973
5.99,6.89,Metro,Large White Free Run Omega-3 Eggs,May,6.018972972972973
4.99,5.49,Loblaws,"Naturegg Nest Laid White Eggs, Large",May,6.018972972972973
5.99,6.89,Metro,Large White Free Run Omega-3 Eggs,May,6.018972972972973
6.29,7.29,Voila,Conestoga Farms Omega 3 Brown Eggs Free Run Large 12 Count,May,6.018972972972973
7.49,7.99,Loblaws,"Naturegg Omega Plus Solar Free Range Eggs, Large",May,6.018972972972973
5.99,6.89,Metro,Large White Free Run Omega-3 Eggs,May,6.018972972972973
4.28,5.99,TandT,Naturegg Large Omega-3 Brown Eggs (12s),May,6.018972972972973
4.28,5.99,TandT,Naturegg Large Omega-3 Brown Eggs (12s),May,6.018972972972973
7.49,7.99,Loblaws,"Naturegg Omega Plus Solar Free Range Eggs, Large",May,6.018972972972973
5.99,6.89,Metro,Large White Free Run Omega-3 Eggs,May,6.018972972972973
5.27,5.73,Walmart,"Great Value Omega-3 Large White Eggs, 12 count",May,6.018972972972973
4.99,6.09,Loblaws,"Naturegg Omega 3 White Eggs, Large",May,6.018972972972973
4.99,6.09,Loblaws,"Naturegg Omega 3 White Eggs, Large",May,6.018972972972973
6.29,7.29,Voila,Conestoga Farms Omega 3 Brown Eggs Free Run Large 12 Count,May,6.018972972972973
7.49,7.99,Loblaws,"Naturegg Omega Plus Solar Free Range Eggs, Large",May,6.018972972972973
4.99,6.99,NoFrills,Free Run Brown Eggs Large,May,6.018972972972973
4.99,6.09,Loblaws,"Naturegg Omega 3 White Eggs, Large",May,6.018972972972973
6.29,7.29,Voila,Conestoga Farms Omega 3 Brown Eggs Free Run Large 12 Count,May,6.018972972972973
6.29,7.29,Voila,Conestoga Farms Omega 3 Brown Eggs Free Run Large 12 Count,May,6.018972972972973
4.99,5.59,Loblaws,"Nature's Best White Eggs, Large",May,6.018972972972973
4.99,6.99,NoFrills,Free Run Brown Eggs Large,May,6.018972972972973
4.99,6.99,NoFrills,Free Run Brown Eggs Large,May,6.018972972972973
4.99,5.59,Loblaws,"Nature's Best White Eggs, Large",May,6.018972972972973
4.99,5.59,Loblaws,"Nature's Best White Eggs, Large",May,6.018972972972973
4.99,5.49,Loblaws,"Naturegg Nest Laid White Eggs, Large",May,6.018972972972973
5.49,6.09,Voila,Gold Egg Omega 3 White Eggs Large 12 Count,May,6.018972972972973
4.99,6.09,Loblaws,"Naturegg Omega 3 White Eggs, Large",May,6.018972972972973
4.99,6.09,Loblaws,"Naturegg Omega 3 White Eggs, Large",May,6.018972972972973
4.99,6.09,Loblaws,"Naturegg Omega 3 White Eggs, Large",May,6.018972972972973
4.99,6.09,Loblaws,"Naturegg Omega 3 White Eggs, Large",May,6.018972972972973
5.99,6.89,Metro,Large White Free Run Omega-3 Eggs,May,6.018972972972973
6.29,7.29,Voila,Conestoga Farms Omega 3 Brown Eggs Free Run Large 12 Count,May,6.018972972972973
4.28,5.99,TandT,Naturegg Large Omega-3 Brown Eggs (12s),May,6.018972972972973
5.99,7.99,Loblaws,"Naturegg Omega Plus Solar Free Range Eggs, Large",May,6.018972972972973
7.49,7.99,Loblaws,"Naturegg Solar Free Range Eggs, Large",May,6.018972972972973
4.99,6.99,NoFrills,Free Run Brown Eggs Large,May,6.018972972972973
4.99,6.99,NoFrills,Free Run Brown Eggs Large,May,6.018972972972973
4.88,8.09,Metro,"Free Run Hence Large Eggs, Naturalia",May,6.018972972972973
7.49,7.99,Loblaws,"Naturegg Omega Plus Solar Free Range Eggs, Large",May,6.018972972972973
3.88,5.39,TandT,Burnbrae Farms Large Brown Eggs (12s),May,6.018972972972973
5.99,6.89,Metro,Large White Free Run Omega-3 Eggs,May,6.018972972972973
7.49,7.99,Loblaws,"Naturegg Omega Plus Solar Free Range Eggs, Large",May,6.018972972972973
5.99,6.89,Metro,Large White Free Run Omega-3 Eggs,May,6.018972972972973
6.29,7.29,Voila,Conestoga Farms Omega 3 Brown Eggs Free Run Large 12 Count,May,6.018972972972973
7.49,7.99,Loblaws,"Naturegg Omega Plus Solar Free Range Eggs, Large",May,6.018972972972973
5.99,7.99,Loblaws,"Naturegg Omega Plus Solar Free Range Eggs, Large",May,6.018972972972973
4.99,5.49,Loblaws,"Naturegg Nest Laid White Eggs, Large",May,6.018972972972973
3.88,5.49,TandT,Burnbrae Farms Large Brown Eggs (12s),May,6.018972972972973
4.99,5.59,Loblaws,"Nature's Best White Eggs, Large",May,6.018972972972973
4.99,5.49,Loblaws,"Naturegg Nest Laid White Eggs, Large",May,6.018972972972973
6.29,7.29,Voila,Conestoga Farms Omega 3 Brown Eggs Free Run Large 12 Count,May,6.018972972972973
6.29,7.29,Voila,Conestoga Farms Omega 3 Brown Eggs Free Run Large 12 Count,May,6.018972972972973
7.49,7.99,Loblaws,"Naturegg Omega Plus Solar Free Range Eggs, Large",May,6.018972972972973
7.49,7.99,Loblaws,"Naturegg Omega Plus Solar Free Range Eggs, Large",May,6.018972972972973
6.29,7.29,Voila,Conestoga Farms Omega 3 Brown Eggs Free Run Large 12 Count,May,6.018972972972973
7.49,7.99,Loblaws,"Naturegg Omega Plus Solar Free Range Eggs, Large",May,6.018972972972973
4.99,6.99,NoFrills,Free Run Brown Eggs Large,May,6.018972972972973
4.99,6.99,NoFrills,Free Run Brown Eggs Large,May,6.018972972972973
4.99,6.99,NoFrills,Free Run Brown Eggs Large,May,6.018972972972973
4.99,6.99,NoFrills,Free Run Brown Eggs Large,May,6.018972972972973
5.27,5.73,Walmart,"Great Value Omega-3 Large White Eggs, 12 count",May,6.018972972972973
5.99,7.99,Loblaws,"Naturegg Solar Free Range Eggs, Large",May,6.018972972972973
6.29,7.29,Voila,Conestoga Farms Omega 3 Brown Eggs Free Run Large 12 Count,May,6.018972972972973
4.99,5.49,Loblaws,"Naturegg Nest Laid White Eggs, Large",May,6.018972972972973
6.29,7.29,Voila,Conestoga Farms Omega 3 Brown Eggs Free Run Large 12 Count,May,6.018972972972973
6.29,7.29,Voila,Conestoga Farms Omega 3 Brown Eggs Free Run Large 12 Count,May,6.018972972972973
6.29,7.29,Voila,Conestoga Farms Omega 3 Brown Eggs Free Run Large 12 Count,May,6.018972972972973
6.29,7.29,Voila,Conestoga Farms Omega 3 Brown Eggs Free Run Large 12 Count,May,6.018972972972973
6.29,7.29,Voila,Conestoga Farms Omega 3 Brown Eggs Free Run Large 12 Count,May,6.018972972972973
5.99,7.99,Loblaws,"Naturegg Omega Plus Solar Free Range Eggs, Large",May,6.018972972972973
5.99,7.99,Loblaws,"Naturegg Omega Plus Solar Free Range Eggs, Large",May,6.018972972972973
5.99,7.99,Loblaws,"Naturegg Omega Plus Solar Free Range Eggs, Large",May,6.018972972972973
6.29,7.29,Voila,Conestoga Farms Omega 3 Brown Eggs Free Run Large 12 Count,May,6.018972972972973
6.29,7.29,Voila,Conestoga Farms Omega 3 Brown Eggs Free Run Large 12 Count,May,6.018972972972973
6.29,7.29,Voila,Conestoga Farms Omega 3 Brown Eggs Free Run Large 12 Count,May,6.018972972972973
5.99,7.99,Loblaws,"Naturegg Omega Plus Solar Free Range Eggs, Large",May,6.018972972972973
6.29,7.29,Voila,Conestoga Farms Omega 3 Brown Eggs Free Run Large 12 Count,May,6.018972972972973
6.29,7.29,Voila,Conestoga Farms Omega 3 Brown Eggs Free Run Large 12 Count,May,6.018972972972973
6.29,7.29,Voila,Conestoga Farms Omega 3 Brown Eggs Free Run Large 12 Count,May,6.018972972972973
5.27,5.73,Walmart,"Great Value Omega-3 Large White Eggs, 12 count",May,6.018972972972973
5.27,5.73,Walmart,"Great Value Omega-3 Large White Eggs, 12 count",May,6.018972972972973
5.27,5.73,Walmart,"Great Value Omega-3 Large White Eggs, 12 count",May,6.018972972972973
5.27,5.73,Walmart,"Great Value Omega-3 Large White Eggs, 12 count",May,6.018972972972973
3.88,5.49,TandT,Burnbrae Farms Large Brown Eggs (12s),May,6.018972972972973
3.88,5.49,TandT,Burnbrae Farms Large Brown Eggs (12s),May,6.018972972972973
4.99,5.59,Loblaws,"Nature's Best White Eggs, Large",May,6.018972972972973
4.99,5.59,Loblaws,"Nature's Best White Eggs, Large",May,6.018972972972973
3.88,5.49,TandT,Burnbrae Farms Large Brown Eggs (12s),May,6.018972972972973
4.99,5.49,Loblaws,"Naturegg Nest Laid White Eggs, Large",May,6.018972972972973
5.27,5.73,Walmart,"Great Value Omega-3 Large White Eggs, 12 count",May,6.018972972972973
5.27,5.73,Walmart,"Great Value Omega-3 Large White Eggs, 12 count",May,6.018972972972973
5.27,5.73,Walmart,"Great Value Omega-3 Large White Eggs, 12 count",May,6.018972972972973
5.99,6.59,Voila,Gold Egg Omega 3 Brown Eggs Large 12 Count,May,6.018972972972973
7.49,7.99,Loblaws,"Naturegg Solar Free Range Eggs, Large",May,6.018972972972973
5.27,5.73,Walmart,"Great Value Omega-3 Large White Eggs, 12 count",May,6.018972972972973
6.29,7.29,Voila,Conestoga Farms Omega 3 Brown Eggs Free Run Large 12 Count,May,6.018972972972973
4.99,6.99,NoFrills,Free Run Brown Eggs Large,May,6.018972972972973
5.99,7.99,Loblaws,"Naturegg Solar Free Range Eggs, Large",May,6.018972972972973
5.99,7.99,Loblaws,"Naturegg Solar Free Range Eggs, Large",May,6.018972972972973
5.99,7.99,Loblaws,"Naturegg Solar Free Range Eggs, Large",May,6.018972972972973
5.99,7.99,Loblaws,"Naturegg Solar Free Range Eggs, Large",May,6.018972972972973
5.27,5.73,Walmart,"Great Value Omega-3 Large White Eggs, 12 count",May,6.018972972972973
5.27,5.73,Walmart,"Great Value Omega-3 Large White Eggs, 12 count",May,6.018972972972973
5.27,5.73,Walmart,"Great Value Omega-3 Large White Eggs, 12 count",May,6.018972972972973
5.27,5.73,Walmart,"Great Value Omega-3 Large White Eggs, 12 count",May,6.018972972972973
5.27,5.73,Walmart,"Great Value Omega-3 Large White Eggs, 12 count",May,6.018972972972973
4.88,8.09,Metro,"Free Run Hence Large Eggs, Naturalia",May,6.018972972972973
4.88,8.09,Metro,"Free Run Hence Large Eggs, Naturalia",May,6.018972972972973
4.99,6.99,NoFrills,Free Run Brown Eggs Large,May,6.018972972972973
6.29,7.29,Voila,Conestoga Farms Omega 3 Brown Eggs Free Run Large 12 Count,May,6.018972972972973
6.29,7.29,Voila,Conestoga Farms Omega 3 Brown Eggs Free Run Large 12 Count,May,6.018972972972973
6.29,7.29,Voila,Conestoga Farms Omega 3 Brown Eggs Free Run Large 12 Count,May,6.018972972972973
7.49,7.99,Loblaws,"Naturegg Solar Free Range Eggs, Large",May,6.018972972972973
7.49,7.99,Loblaws,"Naturegg Solar Free Range Eggs, Large",May,6.018972972972973
7.49,7.99,Loblaws,"Naturegg Solar Free Range Eggs, Large",May,6.018972972972973
4.99,5.49,Loblaws,Naturegg NestlaidOmega 3 Large Size 12 Eggs,May,6.018972972972973
4.99,5.49,Loblaws,Naturegg NestlaidOmega 3 Large Size 12 Eggs,May,6.018972972972973
5.27,5.73,Walmart,"Great Value Omega-3 Large White Eggs, 12 count",May,6.018972972972973
7.49,7.99,Loblaws,"Naturegg Solar Free Range Eggs, Large",May,6.018972972972973
5.99,6.89,Metro,Large White Free Run Omega-3 Eggs,May,6.018972972972973
5.99,6.89,Metro,Large White Free Run Omega-3 Eggs,May,6.018972972972973
7.49,7.99,Loblaws,"Naturegg Solar Free Range Eggs, Large",May,6.018972972972973
7.49,7.99,Loblaws,"Naturegg Solar Free Range Eggs, Large",May,6.018972972972973
7.49,7.99,Loblaws,"Naturegg Omega Plus Solar Free Range Eggs, Large",May,6.018972972972973
7.49,7.99,Loblaws,"Naturegg Omega Plus Solar Free Range Eggs, Large",May,6.018972972972973
3.88,5.6,TandT,Burnbrae Farms Large Brown Eggs (12s),May,6.018972972972973
3.88,5.6,TandT,Burnbrae Farms Large Brown Eggs (12s),May,6.018972972972973
7.49,7.99,Loblaws,"Naturegg Omega Plus Solar Free Range Eggs, Large",May,6.018972972972973
7.49,7.99,Loblaws,"Naturegg Omega Plus Solar Free Range Eggs, Large",May,6.018972972972973
7.49,7.99,Loblaws,"Naturegg Omega Plus Solar Free Range Eggs, Large",May,6.018972972972973
5.27,5.73,Walmart,"Great Value Omega-3 Large White Eggs, 12 count",May,6.018972972972973
4.99,5.59,Loblaws,"Nature's Best White Eggs, Large",May,6.018972972972973
7.49,7.99,Loblaws,"Naturegg Omega Plus Solar Free Range Eggs, Large",May,6.018972972972973
4.88,6.59,Metro,"Large Eggs Form Free Run Hens, Naturalia",May,6.018972972972973
5.99,6.89,Metro,Large White Free Run Omega-3 Eggs,May,6.018972972972973
5.99,6.89,Metro,Large White Free Run Omega-3 Eggs,May,6.018972972972973
6.29,7.29,Voila,Conestoga Farms Omega 3 Brown Eggs Free Run Large 12 Count,May,6.018972972972973
5.27,5.73,Walmart,"Great Value Omega-3 Large White Eggs, 12 count",May,6.018972972972973
7.49,7.99,Loblaws,"Naturegg Solar Free Range Eggs, Large",May,6.018972972972973
5.99,6.89,Metro,Large White Free Run Omega-3 Eggs,May,6.018972972972973
5.99,6.89,Metro,Large White Free Run Omega-3 Eggs,May,6.018972972972973
5.27,5.73,Walmart,"Great Value Omega-3 Large White Eggs, 12 count",May,6.018972972972973
7.49,7.99,Loblaws,"Naturegg Solar Free Range Eggs, Large",May,6.018972972972973
7.49,7.99,Loblaws,"Naturegg Solar Free Range Eggs, Large",May,6.018972972972973
7.49,7.99,Loblaws,"Naturegg Solar Free Range Eggs, Large",May,6.018972972972973
5.99,6.89,Metro,Large White Free Run Omega-3 Eggs,May,6.018972972972973
4.99,5.49,Loblaws,Naturegg NestlaidOmega 3 Large Size 12 Eggs,May,6.018972972972973
4.99,5.49,Loblaws,Naturegg NestlaidOmega 3 Large Size 12 Eggs,May,6.018972972972973
4.99,5.49,Loblaws,Naturegg NestlaidOmega 3 Large Size 12 Eggs,May,6.018972972972973
5.99,6.89,Metro,Large White Free Run Omega-3 Eggs,May,6.018972972972973
4.88,6.59,Metro,"Large Eggs Form Free Run Hens, Naturalia",May,6.018972972972973
4.99,5.49,Loblaws,Naturegg NestlaidOmega 3 Large Size 12 Eggs,May,6.018972972972973
6.29,7.29,Voila,Conestoga Farms Omega 3 Brown Eggs Free Run Large 12 Count,May,6.018972972972973
4.99,5.49,Loblaws,Naturegg NestlaidOmega 3 Large Size 12 Eggs,May,6.018972972972973
4.99,6.99,NoFrills,Free Run Brown Eggs Large,May,6.018972972972973
7.49,7.99,Loblaws,"Naturegg Solar Free Range Eggs, Large",May,6.018972972972973
5.99,7.99,Loblaws,"Naturegg Solar Free Range Eggs, Large",May,6.018972972972973
5.99,7.99,Loblaws,"Naturegg Omega Plus Solar Free Range Eggs, Large",May,6.018972972972973
5.27,5.73,Walmart,"Great Value Omega-3 Large White Eggs, 12 count",May,6.018972972972973
5.27,5.73,Walmart,"Great Value Omega-3 Large White Eggs, 12 count",May,6.018972972972973
7.49,7.99,Loblaws,"Naturegg Solar Free Range Eggs, Large",May,6.018972972972973
5.27,5.73,Walmart,"Great Value Omega-3 Large White Eggs, 12 count",May,6.018972972972973
5.99,6.89,Metro,Large White Free Run Omega-3 Eggs,May,6.018972972972973
5.27,5.73,Walmart,"Great Value Omega-3 Large White Eggs, 12 count",May,6.018972972972973
4.99,6.99,NoFrills,Free Run Brown Eggs Large,May,6.018972972972973
5.27,5.73,Walmart,"Great Value Omega-3 Large White Eggs, 12 count",May,6.018972972972973
5.99,7.99,Loblaws,"Naturegg Solar Free Range Eggs, Large",May,6.018972972972973
4.88,6.59,Metro,"Large Eggs Form Free Run Hens, Naturalia",May,6.018972972972973
7.49,7.99,Loblaws,"Naturegg Solar Free Range Eggs, Large",May,6.018972972972973
5.44,6.99,NoFrills,Free Run Brown Eggs Large,May,6.018972972972973
4.88,6.59,Metro,"Large Eggs Form Free Run Hens, Naturalia",May,6.018972972972973
5.44,6.99,NoFrills,Free Run Brown Eggs Large,May,6.018972972972973
7.49,7.99,Loblaws,"Naturegg Solar Free Range Eggs, Large",May,6.018972972972973
5.27,5.73,Walmart,"Great Value Omega-3 Large White Eggs, 12 count",May,6.018972972972973
4.99,6.99,NoFrills,Free Run Brown Eggs Large,May,6.018972972972973
4.88,6.59,Metro,"Large Eggs Form Free Run Hens, Naturalia",May,6.018972972972973
5.27,5.73,Walmart,"Great Value Omega-3 Large White Eggs, 12 count",May,6.018972972972973
4.28,5.99,TandT,Naturegg Large Omega-3 Brown Eggs (12s),May,6.018972972972973
5.27,5.73,Walmart,"Great Value Omega-3 Large White Eggs, 12 count",May,6.018972972972973
4.28,5.99,TandT,Naturegg Large Omega-3 Brown Eggs (12s),May,6.018972972972973
5.27,5.73,Walmart,"Great Value Omega-3 Large White Eggs, 12 count",May,6.018972972972973
5.27,5.73,Walmart,"Great Value Omega-3 Large White Eggs, 12 count",May,6.018972972972973
4.28,5.99,TandT,Naturegg Large Omega-3 Brown Eggs (12s),May,6.018972972972973
5.99,6.59,Voila,Gold Egg Omega 3 Brown Eggs Large 12 Count,Sep,5.8931623931623935
5.99,6.59,Voila,Gold Egg Omega 3 Brown Eggs Large 12 Count,Sep,5.8931623931623935
5.49,5.68,Loblaws,"Nature's Best White Eggs, Large",Sep,5.8931623931623935
4.99,6.99,Metro,"Large Eggs Form Free Run Hens, Naturalia",Sep,5.8931623931623935
5.99,8.08,Loblaws,"Naturegg Solar Free Range Eggs, Large",Sep,5.8931623931623935
5.99,6.29,Loblaws,Naturegg NestlaidOmega 3 Large Size 12 Eggs,Sep,5.8931623931623935
4.99,6.99,Metro,"Large Eggs Form Free Run Hens, Naturalia",Sep,5.8931623931623935
5.99,6.59,Voila,Gold Egg Omega 3 Brown Eggs Large 12 Count,Sep,5.8931623931623935
5.99,6.59,Voila,Gold Egg Omega 3 Brown Eggs Large 12 Count,Sep,5.8931623931623935
5.99,8.08,Loblaws,"Naturegg Solar Free Range Eggs, Large",Sep,5.8931623931623935
5.99,6.59,Voila,Gold Egg Omega 3 Brown Eggs Large 12 Count,Sep,5.8931623931623935
5.49,7.08,Loblaws,"Naturegg Omega Plus White Eggs, Large",Sep,5.8931623931623935
5.99,6.59,Voila,Gold Egg Omega 3 Brown Eggs Large 12 Count,Sep,5.8931623931623935
5.99,8.08,Loblaws,"Naturegg Omega Plus Solar Free Range Eggs, Large",Sep,5.8931623931623935
5.99,6.59,Voila,Gold Egg Omega 3 Brown Eggs Large 12 Count,Sep,5.8931623931623935
5.99,8.08,Loblaws,"Naturegg Solar Free Range Eggs, Large",Sep,5.8931623931623935
5.99,8.08,Loblaws,"Naturegg Solar Free Range Eggs, Large",Sep,5.8931623931623935
5.49,7.08,Loblaws,"Naturegg Omega Plus White Eggs, Large",Sep,5.8931623931623935
5.49,7.08,Loblaws,"Naturegg Omega Plus White Eggs, Large",Sep,5.8931623931623935
5.99,8.08,Loblaws,"Naturegg Omega Plus Solar Free Range Eggs, Large",Sep,5.8931623931623935
5.99,6.59,Voila,Gold Egg Omega 3 Brown Eggs Large 12 Count,Sep,5.8931623931623935
5.99,8.08,Loblaws,"Naturegg Solar Free Range Eggs, Large",Sep,5.8931623931623935
5.49,7.08,Loblaws,"Naturegg Omega Plus White Eggs, Large",Sep,5.8931623931623935
5.99,6.59,Voila,Gold Egg Omega 3 Brown Eggs Large 12 Count,Sep,5.8931623931623935
5.99,8.08,Loblaws,"Naturegg Omega Plus Solar Free Range Eggs, Large",Sep,5.8931623931623935
5.99,8.08,Loblaws,"Naturegg Omega Plus Solar Free Range Eggs, Large",Sep,5.8931623931623935
5.49,7.08,Loblaws,"Naturegg Omega Plus White Eggs, Large",Sep,5.8931623931623935
5.49,7.08,Loblaws,"Naturegg Omega Plus White Eggs, Large",Sep,5.8931623931623935
5.49,7.08,Loblaws,"Naturegg Omega Plus White Eggs, Large",Sep,5.8931623931623935
5.49,7.08,Loblaws,"Naturegg Omega Plus White Eggs, Large",Sep,5.8931623931623935
5.99,6.59,Voila,Gold Egg Omega 3 Brown Eggs Large 12 Count,Sep,5.8931623931623935
5.49,6.09,Voila,Gold Egg Omega 3 White Eggs Large 12 Count,Sep,5.8931623931623935
5.49,6.09,Voila,Gold Egg Omega 3 White Eggs Large 12 Count,Sep,5.8931623931623935
5.99,6.29,Loblaws,Naturegg NestlaidOmega 3 Large Size 12 Eggs,Sep,5.8931623931623935
5.49,6.29,Loblaws,Naturegg NestlaidOmega 3 Large Size 12 Eggs,Sep,5.8931623931623935
5.49,7.08,Loblaws,"Naturegg Omega Plus White Eggs, Large",Sep,5.8931623931623935
4.99,6.99,Metro,"Large Eggs Form Free Run Hens, Naturalia",Sep,5.8931623931623935
5.49,5.68,Loblaws,"Nature's Best White Eggs, Large",Sep,5.8931623931623935
4.49,6.04,TandT,Watson Salted Cooked Duck Eggs (312g),Sep,5.8931623931623935
5.49,5.68,Loblaws,"Nature's Best White Eggs, Large",Sep,5.8931623931623935
5.49,5.68,Loblaws,"Nature's Best White Eggs, Large",Sep,5.8931623931623935
5.49,5.68,Loblaws,"Nature's Best White Eggs, Large",Sep,5.8931623931623935
5.49,7.08,Loblaws,"Naturegg Omega Plus White Eggs, Large",Sep,5.8931623931623935
5.49,7.08,Loblaws,"Naturegg Omega Plus White Eggs, Large",Sep,5.8931623931623935
5.49,5.68,Loblaws,"Nature's Best White Eggs, Large",Sep,5.8931623931623935
5.49,5.68,Loblaws,"Nature's Best White Eggs, Large",Sep,5.8931623931623935
5.49,5.68,Loblaws,"Nature's Best White Eggs, Large",Sep,5.8931623931623935
5.99,8.08,Loblaws,"Naturegg Solar Free Range Eggs, Large",Sep,5.8931623931623935
5.99,8.08,Loblaws,"Naturegg Solar Free Range Eggs, Large",Sep,5.8931623931623935
4.49,6.04,TandT,Watson Salted Cooked Duck Eggs (312g),Sep,5.8931623931623935
5.49,6.29,Loblaws,Naturegg NestlaidOmega 3 Large Size 12 Eggs,Sep,5.8931623931623935
5.49,6.29,Loblaws,Naturegg NestlaidOmega 3 Large Size 12 Eggs,Sep,5.8931623931623935
5.49,5.68,Loblaws,"Nature's Best White Eggs, Large",Sep,5.8931623931623935
7.49,7.99,Metro,"Free Run Hence Large Eggs, Naturalia",Sep,5.8931623931623935
5.99,8.08,Loblaws,"Naturegg Omega Plus Solar Free Range Eggs, Large",Sep,5.8931623931623935
5.99,6.59,Voila,Gold Egg Omega 3 Brown Eggs Large 12 Count,Sep,5.8931623931623935
5.49,7.08,Loblaws,"Naturegg Omega Plus White Eggs, Large",Sep,5.8931623931623935
5.99,6.59,Voila,Gold Egg Omega 3 Brown Eggs Large 12 Count,Sep,5.8931623931623935
5.99,6.59,Voila,Gold Egg Omega 3 Brown Eggs Large 12 Count,Sep,5.8931623931623935
5.99,6.59,Voila,Gold Egg Omega 3 Brown Eggs Large 12 Count,Sep,5.8931623931623935
5.99,8.08,Loblaws,"Naturegg Solar Free Range Eggs, Large",Sep,5.8931623931623935
5.49,5.68,Loblaws,"Nature's Best White Eggs, Large",Sep,5.8931623931623935
5.49,5.68,Loblaws,"Nature's Best White Eggs, Large",Sep,5.8931623931623935
4.99,6.99,Metro,"Large Eggs Form Free Run Hens, Naturalia",Sep,5.8931623931623935
5.99,8.08,Loblaws,"Naturegg Omega Plus Solar Free Range Eggs, Large",Sep,5.8931623931623935
5.49,5.68,Loblaws,"Nature's Best White Eggs, Large",Sep,5.8931623931623935
5.49,5.68,Loblaws,"Nature's Best White Eggs, Large",Sep,5.8931623931623935
5.99,8.08,Loblaws,"Naturegg Solar Free Range Eggs, Large",Sep,5.8931623931623935
5.99,8.08,Loblaws,"Naturegg Solar Free Range Eggs, Large",Sep,5.8931623931623935
5.99,8.08,Loblaws,"Naturegg Solar Free Range Eggs, Large",Sep,5.8931623931623935
5.49,5.68,Loblaws,"Nature's Best White Eggs, Large",Sep,5.8931623931623935
5.49,6.09,Voila,Gold Egg Omega 3 White Eggs Large 12 Count,Sep,5.8931623931623935
5.49,6.09,Voila,Gold Egg Omega 3 White Eggs Large 12 Count,Sep,5.8931623931623935
5.49,6.09,Voila,Gold Egg Omega 3 White Eggs Large 12 Count,Sep,5.8931623931623935
5.49,6.09,Voila,Gold Egg Omega 3 White Eggs Large 12 Count,Sep,5.8931623931623935
5.99,8.08,Loblaws,"Naturegg Solar Free Range Eggs, Large",Sep,5.8931623931623935
5.49,6.09,Voila,Gold Egg Omega 3 White Eggs Large 12 Count,Sep,5.8931623931623935
5.49,6.09,Voila,Gold Egg Omega 3 White Eggs Large 12 Count,Sep,5.8931623931623935
5.49,7.08,Loblaws,"Naturegg Omega Plus White Eggs, Large",Sep,5.8931623931623935
5.99,6.29,Loblaws,Naturegg NestlaidOmega 3 Large Size 12 Eggs,Sep,5.8931623931623935
4.37,6.37,TandT,Naturegg Omega 3 Eggs - Large (12s),Sep,5.8931623931623935
5.99,8.08,Loblaws,"Naturegg Omega Plus Solar Free Range Eggs, Large",Sep,5.8931623931623935
5.49,5.68,Loblaws,"Nature's Best White Eggs, Large",Sep,5.8931623931623935
5.99,8.08,Loblaws,"Naturegg Solar Free Range Eggs, Large",Sep,5.8931623931623935
5.99,6.59,Voila,Gold Egg Omega 3 Brown Eggs Large 12 Count,Sep,5.8931623931623935
4.99,6.99,Metro,"Large Eggs Form Free Run Hens, Naturalia",Sep,5.8931623931623935
4.99,6.99,Metro,"Large Eggs Form Free Run Hens, Naturalia",Sep,5.8931623931623935
5.99,6.29,Loblaws,Naturegg NestlaidOmega 3 Large Size 12 Eggs,Sep,5.8931623931623935
5.49,6.09,Voila,Gold Egg Omega 3 White Eggs Large 12 Count,Sep,5.8931623931623935
5.49,6.29,Loblaws,Naturegg NestlaidOmega 3 Large Size 12 Eggs,Sep,5.8931623931623935
5.49,5.68,Loblaws,"Nature's Best White Eggs, Large",Sep,5.8931623931623935
5.49,5.68,Loblaws,"Nature's Best White Eggs, Large",Sep,5.8931623931623935
5.49,7.08,Loblaws,"Naturegg Omega Plus White Eggs, Large",Sep,5.8931623931623935
5.99,6.29,Loblaws,Naturegg NestlaidOmega 3 Large Size 12 Eggs,Sep,5.8931623931623935
5.99,6.29,Loblaws,Naturegg NestlaidOmega 3 Large Size 12 Eggs,Sep,5.8931623931623935
4.49,6.04,TandT,Watson Salted Cooked Duck Eggs (312g),Sep,5.8931623931623935
4.49,6.04,TandT,Watson Salted Cooked Duck Eggs (312g),Sep,5.8931623931623935
5.49,5.68,Loblaws,"Nature's Best White Eggs, Large",Sep,5.8931623931623935
5.99,6.29,Loblaws,Naturegg NestlaidOmega 3 Large Size 12 Eggs,Sep,5.8931623931623935
5.99,6.29,Loblaws,Naturegg NestlaidOmega 3 Large Size 12 Eggs,Sep,5.8931623931623935
5.49,6.09,Voila,Gold Egg Omega 3 White Eggs Large 12 Count,Sep,5.8931623931623935
5.49,6.29,Loblaws,Naturegg NestlaidOmega 3 Large Size 12 Eggs,Sep,5.8931623931623935
5.99,8.08,Loblaws,"Naturegg Solar Free Range Eggs, Large",Sep,5.8931623931623935
4.99,6.99,Metro,"Large Eggs Form Free Run Hens, Naturalia",Sep,5.8931623931623935
5.99,8.08,Loblaws,"Naturegg Omega Plus Solar Free Range Eggs, Large",Sep,5.8931623931623935
5.99,8.08,Loblaws,"Naturegg Solar Free Range Eggs, Large",Sep,5.8931623931623935
5.49,7.08,Loblaws,"Naturegg Omega Plus White Eggs, Large",Sep,5.8931623931623935
5.99,8.08,Loblaws,"Naturegg Omega Plus Solar Free Range Eggs, Large",Sep,5.8931623931623935
5.49,7.08,Loblaws,"Naturegg Omega Plus White Eggs, Large",Sep,5.8931623931623935
5.49,7.08,Loblaws,"Naturegg Omega Plus White Eggs, Large",Sep,5.8931623931623935
5.99,6.59,Voila,Gold Egg Omega 3 Brown Eggs Large 12 Count,Sep,5.8931623931623935
5.49,6.09,Voila,Gold Egg Omega 3 White Eggs Large 12 Count,Sep,5.8931623931623935
5.49,6.09,Voila,Gold Egg Omega 3 White Eggs Large 12 Count,Sep,5.8931623931623935
7.49,8.59,Metro,"Solar Free Range Large Eggs, Omega Plus",Sep,5.8931623931623935
4.99,6.99,Metro,"Large Eggs Form Free Run Hens, Naturalia",Sep,5.8931623931623935
5.99,8.08,Loblaws,"Naturegg Omega Plus Solar Free Range Eggs, Large",Sep,5.8931623931623935
5.49,7.08,Loblaws,"Naturegg Omega Plus White Eggs, Large",Sep,5.8931623931623935
4.99,7.99,Metro,"Free Run Hence Large Eggs, Naturalia",Sep,5.8931623931623935
5.49,5.68,Loblaws,"Nature's Best White Eggs, Large",Sep,5.8931623931623935
5.49,6.29,Loblaws,Naturegg NestlaidOmega 3 Large Size 12 Eggs,Sep,5.8931623931623935
5.49,6.09,Voila,Gold Egg Omega 3 White Eggs Large 12 Count,Sep,5.8931623931623935
5.49,6.09,Voila,Gold Egg Omega 3 White Eggs Large 12 Count,Sep,5.8931623931623935
4.99,7.99,Metro,"Free Run Hence Large Eggs, Naturalia",Sep,5.8931623931623935
4.49,6.04,TandT,Watson Salted Cooked Duck Eggs (312g),Sep,5.8931623931623935
5.99,6.59,Voila,Gold Egg Omega 3 Brown Eggs Large 12 Count,Sep,5.8931623931623935
7.49,7.99,Metro,"Free Run Hence Large Eggs, Naturalia",Sep,5.8931623931623935
5.99,8.08,Loblaws,"Naturegg Omega Plus Solar Free Range Eggs, Large",Sep,5.8931623931623935
5.99,8.08,Loblaws,"Naturegg Solar Free Range Eggs, Large",Sep,5.8931623931623935
5.99,6.29,Loblaws,Naturegg NestlaidOmega 3 Large Size 12 Eggs,Sep,5.8931623931623935
5.99,8.08,Loblaws,"Naturegg Solar Free Range Eggs, Large",Sep,5.8931623931623935
4.37,6.37,TandT,Naturegg Omega 3 Eggs - Large (12s),Sep,5.8931623931623935
5.99,8.08,Loblaws,"Naturegg Omega Plus Solar Free Range Eggs, Large",Sep,5.8931623931623935
4.99,7.99,Metro,"Free Run Hence Large Eggs, Naturalia",Sep,5.8931623931623935
4.37,6.37,TandT,Naturegg Omega 3 Eggs - Large (12s),Sep,5.8931623931623935
5.99,8.08,Loblaws,"Naturegg Omega Plus Solar Free Range Eggs, Large",Sep,5.8931623931623935
5.49,5.68,Loblaws,"Nature's Best White Eggs, Large",Sep,5.8931623931623935
5.49,5.68,Loblaws,"Nature's Best White Eggs, Large",Sep,5.8931623931623935
5.49,5.68,Loblaws,"Nature's Best White Eggs, Large",Sep,5.8931623931623935
4.99,7.99,Metro,"Free Run Hence Large Eggs, Naturalia",Sep,5.8931623931623935
5.99,8.08,Loblaws,"Naturegg Omega Plus Solar Free Range Eggs, Large",Sep,5.8931623931623935
4.99,7.99,Metro,"Free Run Hence Large Eggs, Naturalia",Sep,5.8931623931623935
7.49,8.59,Metro,"Solar Free Range Large Eggs, Omega Plus",Sep,5.8931623931623935
5.99,8.08,Loblaws,"Naturegg Solar Free Range Eggs, Large",Sep,5.8931623931623935
5.49,6.09,Voila,Gold Egg Omega 3 White Eggs Large 12 Count,Sep,5.8931623931623935
4.99,7.99,Metro,"Free Run Hence Large Eggs, Naturalia",Sep,5.8931623931623935
5.49,6.09,Voila,Gold Egg Omega 3 White Eggs Large 12 Count,Sep,5.8931623931623935
5.99,8.08,Loblaws,"Naturegg Omega Plus Solar Free Range Eggs, Large",Sep,5.8931623931623935
5.99,8.08,Loblaws,"Naturegg Omega Plus Solar Free Range Eggs, Large",Sep,5.8931623931623935
5.99,6.29,Loblaws,Naturegg NestlaidOmega 3 Large Size 12 Eggs,Sep,5.8931623931623935
5.99,8.08,Loblaws,"Naturegg Omega Plus Solar Free Range Eggs, Large",Sep,5.8931623931623935
5.99,6.29,Loblaws,Naturegg NestlaidOmega 3 Large Size 12 Eggs,Sep,5.8931623931623935
5.49,6.09,Voila,Gold Egg Omega 3 White Eggs Large 12 Count,Sep,5.8931623931623935
4.99,7.99,Metro,"Free Run Hence Large Eggs, Naturalia",Sep,5.8931623931623935
7.49,7.99,Metro,"Free Run Hence Large Eggs, Naturalia",Sep,5.8931623931623935
4.37,6.37,TandT,Naturegg Omega 3 Eggs - Large (12s),Sep,5.8931623931623935
4.99,7.99,Metro,"Free Run Hence Large Eggs, Naturalia",Sep,5.8931623931623935
5.49,6.29,Loblaws,Naturegg NestlaidOmega 3 Large Size 12 Eggs,Sep,5.8931623931623935
5.99,6.29,Loblaws,Naturegg NestlaidOmega 3 Large Size 12 Eggs,Sep,5.8931623931623935
5.99,8.08,Loblaws,"Naturegg Omega Plus Solar Free Range Eggs, Large",Sep,5.8931623931623935
5.49,6.09,Voila,Gold Egg Omega 3 White Eggs Large 12 Count,Mar,NA
5.49,6.09,Voila,Gold Egg Omega 3 White Eggs Large 12 Count,Mar,NA
5.49,6.09,Voila,Gold Egg Omega 3 White Eggs Large 12 Count,Mar,NA
5.49,6.09,Voila,Gold Egg Omega 3 White Eggs Large 12 Count,Mar,NA
5.49,6.09,Voila,Gold Egg Omega 3 White Eggs Large 12 Count,Mar,NA
5.49,6.09,Voila,Gold Egg Omega 3 White Eggs Large 12 Count,Mar,NA
5.49,6.09,Voila,Gold Egg Omega 3 White Eggs Large 12 Count,Mar,NA
5.49,6.09,Voila,Gold Egg Omega 3 White Eggs Large 12 Count,Mar,NA
5.49,6.09,Voila,Gold Egg Omega 3 White Eggs Large 12 Count,Mar,NA
5.49,6.09,Voila,Gold Egg Omega 3 White Eggs Large 12 Count,Mar,NA
5.99,7.29,Loblaws,Blue Menu Free Run Large White Eggs 12 Pack,Mar,NA
6.99,8.49,Metro,"Solar Free Range Large Eggs, Omega Plus",Mar,NA
6.99,8.49,Metro,"Solar Free Range Large Eggs, Omega Plus",Mar,NA
6.99,8.49,Metro,"Solar Free Range Large Eggs, Omega Plus",Mar,NA
6.49,7.19,Metro,"Free Run™ Large Eggs, Naturegg",Mar,NA
6.49,7.19,Metro,"Free Run™ Large Eggs, Naturegg",Mar,NA
6.49,7.19,Metro,"Free Run™ Large Eggs, Naturegg",Mar,NA
6.49,7.19,Metro,"Free Run™ Large Eggs, Naturegg",Mar,NA
7.49,7.59,Metro,"Organic Large Brown Eggs, Free Range",Mar,NA
7.49,7.59,Metro,"Organic Large Brown Eggs, Free Range",Mar,NA
5.99,7.99,Loblaws,"Naturegg Solar Free Range Eggs, Large",Mar,NA
5.99,7.99,Loblaws,"Naturegg Solar Free Range Eggs, Large",Mar,NA
6.59,7.09,Metro,"Omega Plus™ Large Eggs, Naturegg",Mar,NA
6.59,7.09,Metro,"Omega Plus™ Large Eggs, Naturegg",Mar,NA
3.98,5.99,TandT,Naturegg Large Omega-3 Brown Eggs (12s),Mar,NA
3.98,5.59,TandT,Naturegg Large Omega-3 Brown Eggs (12s),Mar,NA
3.98,5.99,TandT,Naturegg Large Omega-3 Brown Eggs (12s),Mar,NA
3.98,5.99,TandT,Naturegg Large Omega-3 Brown Eggs (12s),Mar,NA
5.99,6.49,Loblaws,Naturegg NestlaidOmega 3 Large Size 12 Eggs,Mar,NA
5.99,6.49,Loblaws,Naturegg NestlaidOmega 3 Large Size 12 Eggs,Mar,NA
7.79,8.09,Metro,Organic Free Run Hence Extra Large Brown Eggs,Mar,NA
7.79,8.09,Metro,Organic Free Run Hence Extra Large Brown Eggs,Mar,NA
7.79,8.09,Metro,Organic Free Run Hence Extra Large Brown Eggs,Mar,NA
6.49,6.79,Metro,Large White Free Run Omega-3 Eggs,Mar,NA
4.99,5.99,Loblaws,"Naturegg Nest Laid White Eggs, Large",Mar,NA
5.99,6.59,Voila,Gold Egg Omega 3 Brown Eggs Large 12 Count,Mar,NA
5.99,6.59,Voila,Gold Egg Omega 3 Brown Eggs Large 12 Count,Mar,NA
5.99,6.59,Voila,Gold Egg Omega 3 Brown Eggs Large 12 Count,Mar,NA
5.99,6.59,Voila,Gold Egg Omega 3 Brown Eggs Large 12 Count,Mar,NA
5.99,6.59,Voila,Gold Egg Omega 3 Brown Eggs Large 12 Count,Mar,NA
5.99,6.59,Voila,Gold Egg Omega 3 Brown Eggs Large 12 Count,Mar,NA
5.99,6.59,Voila,Gold Egg Omega 3 Brown Eggs Large 12 Count,Mar,NA
5.99,6.59,Voila,Gold Egg Omega 3 Brown Eggs Large 12 Count,Mar,NA
5.99,6.59,Voila,Gold Egg Omega 3 Brown Eggs Large 12 Count,Mar,NA
5.99,6.59,Voila,Gold Egg Omega 3 Brown Eggs Large 12 Count,Mar,NA
6.49,6.79,Metro,Large White Free Run Omega-3 Eggs,Mar,NA
7.79,8.59,Metro,"Solar Free Range Large Eggs, Omega Plus",Mar,NA
6.49,6.79,Metro,Large White Free Run Omega-3 Eggs,Mar,NA
6.49,6.79,Metro,Large White Free Run Omega-3 Eggs,Mar,NA
6.39,6.99,Metro,"Large Brown Omega-3 Eggs, Naturegg",Mar,NA
6.99,8.49,Metro,"Solar Free Range Large Eggs, Omega Plus",Mar,NA
5.99,7.29,Loblaws,Blue Menu Free Run Large White Eggs 12 Pack,Mar,NA
4.99,6.49,Loblaws,Naturegg NestlaidOmega 3 Large Size 12 Eggs,Mar,NA
5.99,6.49,Loblaws,Naturegg NestlaidOmega 3 Large Size 12 Eggs,Mar,NA
6.99,8.49,Metro,"Solar Free Range Large Eggs, Omega Plus",Mar,NA
6.99,8.49,Metro,"Solar Free Range Large Eggs, Omega Plus",Mar,NA
6.99,8.49,Metro,"Solar Free Range Large Eggs, Omega Plus",Mar,NA
7.49,7.59,Metro,"Organic Large Brown Eggs, Free Range",Mar,NA
6.99,8.49,Metro,"Solar Free Range Large Eggs, Omega Plus",Mar,NA
6.49,6.79,Metro,Large White Free Run Omega-3 Eggs,Mar,NA
7.79,8.59,Metro,"Solar Free Range Large Eggs, Omega Plus",Mar,NA
7.79,8.59,Metro,"Solar Free Range Large Eggs, Omega Plus",Mar,NA
5.99,7.99,Loblaws,"Naturegg Solar Free Range Eggs, Large",Mar,NA
4.99,6.49,Loblaws,Naturegg NestlaidOmega 3 Large Size 12 Eggs,Mar,NA
4.99,6.49,Loblaws,Naturegg NestlaidOmega 3 Large Size 12 Eggs,Mar,NA
4.99,5.99,Loblaws,"Naturegg Nest Laid White Eggs, Large",Mar,NA
4.99,5.99,Loblaws,"Naturegg Nest Laid White Eggs, Large",Mar,NA
5.99,6.49,Loblaws,Naturegg NestlaidOmega 3 Large Size 12 Eggs,Mar,NA
5.49,5.89,Metro,"Nature'S Best™ Large Eggs, Naturegg",Mar,NA
5.49,5.89,Metro,"Nature'S Best™ Large Eggs, Naturegg",Mar,NA
5.49,5.89,Metro,"Nature'S Best™ Large Eggs, Naturegg",Mar,NA
3.88,5.19,TandT,Burnbrae Farms Large Brown Eggs (12s),Mar,NA
4.99,5.99,Loblaws,"Naturegg Nest Laid White Eggs, Large",Mar,NA
4.99,5.99,Loblaws,"Naturegg Nest Laid White Eggs, Large",Mar,NA
7.79,8.09,Metro,Organic Free Run Hence Extra Large Brown Eggs,Mar,NA
4.99,5.99,Loblaws,"Naturegg Nest Laid White Eggs, Large",Mar,NA
4.99,5.99,Loblaws,"Naturegg Nest Laid White Eggs, Large",Mar,NA
6.49,6.79,Metro,Large White Free Run Omega-3 Eggs,Mar,NA
5.99,7.29,Loblaws,Blue Menu Free Run Large White Eggs 12 Pack,Mar,NA
6.59,7.09,Metro,"Omega Plus™ Large Eggs, Naturegg",Mar,NA
6.99,8.49,Metro,"Solar Free Range Large Eggs, Omega Plus",Mar,NA
6.39,6.99,Metro,"Large Brown Omega-3 Eggs, Naturegg",Mar,NA
3.88,5.19,TandT,Burnbrae Farms Large Brown Eggs (12s),Mar,NA
3.88,5.19,TandT,Burnbrae Farms Large Brown Eggs (12s),Mar,NA
7.79,8.09,Metro,Organic Free Run Hence Extra Large Brown Eggs,Mar,NA
6.59,7.09,Metro,"Omega Plus™ Large Eggs, Naturegg",Mar,NA
6.39,6.99,Metro,"Large Brown Omega-3 Eggs, Naturegg",Mar,NA
7.49,7.59,Metro,"Organic Large Brown Eggs, Free Range",Mar,NA
5.99,7.99,Loblaws,"Naturegg Omega Plus Solar Free Range Eggs, Large",Mar,NA
7.79,8.09,Metro,Organic Free Run Hence Extra Large Brown Eggs,Mar,NA
5.49,5.89,Metro,"Nature'S Best™ Large Eggs, Naturegg",Mar,NA
7.49,7.59,Metro,"Organic Large Brown Eggs, Free Range",Mar,NA
7.79,8.09,Metro,Organic Free Run Hence Extra Large Brown Eggs,Mar,NA
7.49,7.59,Metro,"Organic Large Brown Eggs, Free Range",Mar,NA
7.79,8.59,Metro,"Solar Free Range Large Eggs, Omega Plus",Mar,NA
7.79,8.09,Metro,Organic Free Run Hence Extra Large Brown Eggs,Mar,NA
6.59,7.59,Metro,Large Free Run Omega 3 Eggs,Mar,NA
6.49,6.79,Metro,Large White Free Run Omega-3 Eggs,Mar,NA
5.99,7.99,Loblaws,"Naturegg Omega Plus Solar Free Range Eggs, Large",Mar,NA
5.99,7.99,Loblaws,"Naturegg Omega Plus Solar Free Range Eggs, Large",Mar,NA
6.49,7.29,Metro,Large Brown Eggs From The Nests Of Free Run Hens,Mar,NA
6.39,6.99,Metro,"Large Brown Omega-3 Eggs, Naturegg",Mar,NA
6.49,6.79,Metro,Large White Free Run Omega-3 Eggs,Mar,NA
7.35,7.79,Metro,"Organic Large Brown Eggs, Free Range",Mar,NA
6.59,7.59,Metro,Large Free Run Omega 3 Eggs,Mar,NA
7.49,7.59,Metro,"Organic Large Brown Eggs, Free Range",Mar,NA
6.49,7.29,Metro,Large Brown Eggs From The Nests Of Free Run Hens,Mar,NA
7.79,8.09,Metro,Organic Free Run Hence Extra Large Brown Eggs,Mar,NA
7.49,7.59,Metro,"Organic Large Brown Eggs, Free Range",Mar,NA
7.79,8.09,Metro,Organic Free Run Hence Extra Large Brown Eggs,Mar,NA
7.79,8.09,Metro,Organic Free Run Hence Extra Large Brown Eggs,Mar,NA
6.49,6.79,Metro,Large White Free Run Omega-3 Eggs,Mar,NA
6.49,7.29,Metro,Large Brown Eggs From The Nests Of Free Run Hens,Mar,NA
6.49,7.29,Metro,Large Brown Eggs From The Nests Of Free Run Hens,Mar,NA
7.49,7.59,Metro,"Organic Large Brown Eggs, Free Range",Mar,NA
7.79,8.09,Metro,Organic Free Run Hence Extra Large Brown Eggs,Mar,NA
6.49,7.29,Metro,Large Brown Eggs From The Nests Of Free Run Hens,Mar,NA
6.59,7.59,Metro,Large Free Run Omega 3 Eggs,Mar,NA
6.49,7.29,Metro,Large Brown Eggs From The Nests Of Free Run Hens,Mar,NA
7.79,8.09,Metro,Organic Free Run Hence Extra Large Brown Eggs,Mar,NA
6.49,6.79,Metro,Large White Free Run Omega-3 Eggs,Mar,NA
7.79,8.09,Metro,Organic Free Run Hence Extra Large Brown Eggs,Mar,NA
6.49,6.79,Metro,Large White Free Run Omega-3 Eggs,Mar,NA
6.59,7.59,Metro,Large Free Run Omega 3 Eggs,Mar,NA
7.49,7.59,Metro,"Organic Large Brown Eggs, Free Range",Mar,NA
5.99,6.59,Voila,Gold Egg Omega 3 Brown Eggs Large 12 Count,Aug,5.279506172839507
7.49,7.99,Metro,"Free Run Hence Large Eggs, Naturalia",Aug,5.279506172839507
4.37,6.37,TandT,Naturegg Omega 3 Eggs - Large (12s),Aug,5.279506172839507
5.49,5.68,Loblaws,"Nature's Best White Eggs, Large",Aug,5.279506172839507
4.37,6.37,TandT,Naturegg Omega 3 Eggs - Large (12s),Aug,5.279506172839507
6.99,7.69,Voila,Conestoga Brand Eggs Free Range Large 12 Count,Aug,5.279506172839507
5.49,6.09,Voila,Gold Egg Omega 3 White Eggs Large 12 Count,Aug,5.279506172839507
5.49,6.09,Voila,Gold Egg Omega 3 White Eggs Large 12 Count,Aug,5.279506172839507
5.99,6.59,Voila,Gold Egg Omega 3 Brown Eggs Large 12 Count,Aug,5.279506172839507
5.99,6.59,Voila,Gold Egg Omega 3 Brown Eggs Large 12 Count,Aug,5.279506172839507
5.99,6.59,Voila,Gold Egg Omega 3 Brown Eggs Large 12 Count,Aug,5.279506172839507
6.99,7.69,Voila,Conestoga Brand Eggs Free Range Large 12 Count,Aug,5.279506172839507
5.99,6.59,Voila,Gold Egg Omega 3 Brown Eggs Large 12 Count,Aug,5.279506172839507
7.49,7.99,Metro,"Free Run Hence Large Eggs, Naturalia",Aug,5.279506172839507
7.49,7.99,Metro,"Free Run Hence Large Eggs, Naturalia",Aug,5.279506172839507
4.37,6.37,TandT,Naturegg Omega 3 Eggs - Large (12s),Aug,5.279506172839507
7.49,7.99,Metro,"Free Run Hence Large Eggs, Naturalia",Aug,5.279506172839507
7.49,7.99,Metro,"Free Run Hence Large Eggs, Naturalia",Aug,5.279506172839507
4.99,7.99,Metro,"Free Run Hence Large Eggs, Naturalia",Aug,5.279506172839507
5.99,6.59,Voila,Gold Egg Omega 3 Brown Eggs Large 12 Count,Aug,5.279506172839507
4.99,7.99,Metro,"Free Run Hence Large Eggs, Naturalia",Aug,5.279506172839507
5.49,6.09,Voila,Gold Egg Omega 3 White Eggs Large 12 Count,Aug,5.279506172839507
4.99,7.99,Metro,"Free Run Hence Large Eggs, Naturalia",Aug,5.279506172839507
6.99,7.69,Voila,Conestoga Brand Eggs Free Range Large 12 Count,Aug,5.279506172839507
6.99,7.69,Voila,Conestoga Brand Eggs Free Range Large 12 Count,Aug,5.279506172839507
6.99,7.69,Voila,Conestoga Brand Eggs Free Range Large 12 Count,Aug,5.279506172839507
4.37,6.37,TandT,Naturegg Omega 3 Eggs - Large (12s),Aug,5.279506172839507
6.57,7.37,Walmart,"Conestoga Farms Free Run Omega-3 Large White Eggs, 12 Count",Aug,5.279506172839507
7.49,7.99,Metro,"Free Run Hence Large Eggs, Naturalia",Aug,5.279506172839507
6.57,7.37,Walmart,"Conestoga Farms Free Run Omega-3 Large White Eggs, 12 Count",Aug,5.279506172839507
5.49,6.09,Voila,Gold Egg Omega 3 White Eggs Large 12 Count,Aug,5.279506172839507
4.49,6.04,TandT,Watson Salted Cooked Duck Eggs (312g),Aug,5.279506172839507
6.57,7.37,Walmart,"Conestoga Farms Free Run Omega-3 Large White Eggs, 12 Count",Aug,5.279506172839507
6.57,7.37,Walmart,"Conestoga Farms Free Run Omega-3 Large White Eggs, 12 Count",Aug,5.279506172839507
5.99,6.59,Voila,Gold Egg Omega 3 Brown Eggs Large 12 Count,Aug,5.279506172839507
5.49,6.09,Voila,Gold Egg Omega 3 White Eggs Large 12 Count,Aug,5.279506172839507
5.49,6.09,Voila,Gold Egg Omega 3 White Eggs Large 12 Count,Aug,5.279506172839507
5.49,6.09,Voila,Gold Egg Omega 3 White Eggs Large 12 Count,Aug,5.279506172839507
6.99,7.69,Voila,Conestoga Brand Eggs Free Range Large 12 Count,Aug,5.279506172839507
4.37,6.37,TandT,Naturegg Omega 3 Eggs - Large (12s),Aug,5.279506172839507
7.49,7.99,Metro,"Free Run Hence Large Eggs, Naturalia",Aug,5.279506172839507
4.37,6.37,TandT,Naturegg Omega 3 Eggs - Large (12s),Aug,5.279506172839507
6.57,7.37,Walmart,"Conestoga Farms Free Run Omega-3 Large White Eggs, 12 Count",Aug,5.279506172839507
6.57,7.37,Walmart,"Conestoga Farms Free Run Omega-3 Large White Eggs, 12 Count",Aug,5.279506172839507
5.49,6.09,Voila,Gold Egg Omega 3 White Eggs Large 12 Count,Aug,5.279506172839507
6.49,6.99,Metro,"Large Eggs Form Free Run Hens, Naturalia",Aug,5.279506172839507
5.99,6.59,Voila,Gold Egg Omega 3 Brown Eggs Large 12 Count,Aug,5.279506172839507
5.49,6.09,Voila,Gold Egg Omega 3 White Eggs Large 12 Count,Aug,5.279506172839507
6.57,7.37,Walmart,"Conestoga Farms Free Run Omega-3 Large White Eggs, 12 Count",Aug,5.279506172839507
5.49,6.09,Voila,Gold Egg Omega 3 White Eggs Large 12 Count,Aug,5.279506172839507
5.49,6.09,Voila,Gold Egg Omega 3 White Eggs Large 12 Count,Aug,5.279506172839507
4.99,7.99,Metro,"Free Run Hence Large Eggs, Naturalia",Aug,5.279506172839507
5.49,6.09,Voila,Gold Egg Omega 3 White Eggs Large 12 Count,Aug,5.279506172839507
6.57,7.37,Walmart,"Conestoga Farms Free Run Omega-3 Large White Eggs, 12 Count",Aug,5.279506172839507
5.49,6.09,Voila,Gold Egg Omega 3 White Eggs Large 12 Count,Aug,5.279506172839507
3.99,5.6,TandT,Burnbrae Farms Large Brown Eggs (12s),Aug,5.279506172839507
5.49,6.09,Voila,Gold Egg Omega 3 White Eggs Large 12 Count,Aug,5.279506172839507
4.49,6.04,TandT,Watson Salted Cooked Duck Eggs (312g),Aug,5.279506172839507
6.57,7.37,Walmart,"Conestoga Farms Free Run Omega-3 Large White Eggs, 12 Count",Aug,5.279506172839507
5.99,6.59,Voila,Gold Egg Omega 3 Brown Eggs Large 12 Count,Aug,5.279506172839507
4.37,6.37,TandT,Naturegg Omega 3 Eggs - Large (12s),Aug,5.279506172839507
6.57,7.37,Walmart,"Conestoga Farms Free Run Omega-3 Large White Eggs, 12 Count",Aug,5.279506172839507
6.99,7.69,Voila,Conestoga Brand Eggs Free Range Large 12 Count,Aug,5.279506172839507
2.5,3.29,TandT,Bestore Stewed Quail Eggs Spicy Flavor (128g),Aug,5.279506172839507
3.99,5.6,TandT,Burnbrae Farms Large Brown Eggs (12s),Aug,5.279506172839507
3.99,5.6,TandT,Burnbrae Farms Large Brown Eggs (12s),Aug,5.279506172839507
5.49,5.68,Loblaws,"Nature's Best White Eggs, Large",Aug,5.279506172839507
3.99,5.6,TandT,Burnbrae Farms Large Brown Eggs (12s),Aug,5.279506172839507
5.49,6.09,Voila,Gold Egg Omega 3 White Eggs Large 12 Count,Aug,5.279506172839507
6.57,7.37,Walmart,"Conestoga Farms Free Run Omega-3 Large White Eggs, 12 Count",Aug,5.279506172839507
5.99,6.59,Voila,Gold Egg Omega 3 Brown Eggs Large 12 Count,Aug,5.279506172839507
6.57,7.37,Walmart,"Conestoga Farms Free Run Omega-3 Large White Eggs, 12 Count",Aug,5.279506172839507
5.49,6.09,Voila,Gold Egg Omega 3 White Eggs Large 12 Count,Aug,5.279506172839507
6.49,6.99,Metro,"Large Eggs Form Free Run Hens, Naturalia",Aug,5.279506172839507
6.57,7.37,Walmart,"Conestoga Farms Free Run Omega-3 Large White Eggs, 12 Count",Aug,5.279506172839507
6.57,7.37,Walmart,"Conestoga Farms Free Run Omega-3 Large White Eggs, 12 Count",Aug,5.279506172839507
5.49,6.09,Voila,Gold Egg Omega 3 White Eggs Large 12 Count,Aug,5.279506172839507
6.57,7.37,Walmart,"Conestoga Farms Free Run Omega-3 Large White Eggs, 12 Count",Aug,5.279506172839507
6.57,7.37,Walmart,"Conestoga Farms Free Run Omega-3 Large White Eggs, 12 Count",Aug,5.279506172839507
3.99,5.6,TandT,Burnbrae Farms Large Brown Eggs (12s),Aug,5.279506172839507
7.49,7.99,Metro,"Free Run Hence Large Eggs, Naturalia",Aug,5.279506172839507
5.49,6.09,Voila,Gold Egg Omega 3 White Eggs Large 12 Count,Aug,5.279506172839507
6.57,7.37,Walmart,"Conestoga Farms Free Run Omega-3 Large White Eggs, 12 Count",Aug,5.279506172839507
6.57,7.37,Walmart,"Conestoga Farms Free Run Omega-3 Large White Eggs, 12 Count",Aug,5.279506172839507
4.99,6.99,Metro,"Large Eggs Form Free Run Hens, Naturalia",Aug,5.279506172839507
6.57,7.37,Walmart,"Conestoga Farms Free Run Omega-3 Large White Eggs, 12 Count",Aug,5.279506172839507
5.49,6.09,Voila,Gold Egg Omega 3 White Eggs Large 12 Count,Aug,5.279506172839507
5.99,6.59,Voila,Gold Egg Omega 3 Brown Eggs Large 12 Count,Aug,5.279506172839507
5.99,6.59,Voila,Gold Egg Omega 3 Brown Eggs Large 12 Count,Aug,5.279506172839507
5.99,6.59,Voila,Gold Egg Omega 3 Brown Eggs Large 12 Count,Aug,5.279506172839507
6.57,7.37,Walmart,"Conestoga Farms Free Run Omega-3 Large White Eggs, 12 Count",Aug,5.279506172839507
5.49,6.09,Voila,Gold Egg Omega 3 White Eggs Large 12 Count,Aug,5.279506172839507
6.57,7.37,Walmart,"Conestoga Farms Free Run Omega-3 Large White Eggs, 12 Count",Aug,5.279506172839507
3.99,5.6,TandT,Burnbrae Farms Large Brown Eggs (12s),Aug,5.279506172839507
5.49,6.09,Voila,Gold Egg Omega 3 White Eggs Large 12 Count,Aug,5.279506172839507
6.57,7.37,Walmart,"Conestoga Farms Free Run Omega-3 Large White Eggs, 12 Count",Aug,5.279506172839507
6.57,7.37,Walmart,"Conestoga Farms Free Run Omega-3 Large White Eggs, 12 Count",Aug,5.279506172839507
5.99,6.59,Voila,Gold Egg Omega 3 Brown Eggs Large 12 Count,Aug,5.279506172839507
6.49,6.99,Metro,"Large Eggs Form Free Run Hens, Naturalia",Aug,5.279506172839507
5.99,6.59,Voila,Gold Egg Omega 3 Brown Eggs Large 12 Count,Aug,5.279506172839507
5.99,6.59,Voila,Gold Egg Omega 3 Brown Eggs Large 12 Count,Aug,5.279506172839507
6.49,6.99,Metro,"Large Eggs Form Free Run Hens, Naturalia",Aug,5.279506172839507
5.99,6.59,Voila,Gold Egg Omega 3 Brown Eggs Large 12 Count,Aug,5.279506172839507
6.49,6.99,Metro,"Large Eggs Form Free Run Hens, Naturalia",Aug,5.279506172839507
5.99,6.59,Voila,Gold Egg Omega 3 Brown Eggs Large 12 Count,Aug,5.279506172839507
5.99,6.59,Voila,Gold Egg Omega 3 Brown Eggs Large 12 Count,Aug,5.279506172839507
7.49,7.99,Metro,"Free Run Hence Large Eggs, Naturalia",Aug,5.279506172839507
5.49,6.09,Voila,Gold Egg Omega 3 White Eggs Large 12 Count,Aug,5.279506172839507
4.99,6.99,Metro,"Large Eggs Form Free Run Hens, Naturalia",Aug,5.279506172839507
5.99,6.59,Voila,Gold Egg Omega 3 Brown Eggs Large 12 Count,Aug,5.279506172839507
6.57,7.37,Walmart,"Conestoga Farms Free Run Omega-3 Large White Eggs, 12 Count",Aug,5.279506172839507
5.99,6.59,Voila,Gold Egg Omega 3 Brown Eggs Large 12 Count,Aug,5.279506172839507
6.49,6.99,Metro,"Large Eggs Form Free Run Hens, Naturalia",Aug,5.279506172839507
5.99,6.59,Voila,Gold Egg Omega 3 Brown Eggs Large 12 Count,Aug,5.279506172839507
6.57,7.37,Walmart,"Conestoga Farms Free Run Omega-3 Large White Eggs, 12 Count",Aug,5.279506172839507
3.99,5.6,TandT,Burnbrae Farms Large Brown Eggs (12s),Aug,5.279506172839507
6.49,6.99,Metro,"Large Eggs Form Free Run Hens, Naturalia",Aug,5.279506172839507
6.99,7.69,Voila,Conestoga Brand Eggs Free Range Large 12 Count,Jul,5.585794392523365
2.5,3.29,TandT,Bestore Stewed Quail Eggs Spicy Flavor (128g),Jul,5.585794392523365
6.99,7.69,Voila,Conestoga Brand Eggs Free Range Large 12 Count,Jul,5.585794392523365
5.99,6.89,Metro,Large White Free Run Omega-3 Eggs,Jul,5.585794392523365
6.99,7.69,Voila,Conestoga Brand Eggs Free Range Large 12 Count,Jul,5.585794392523365
6.99,7.69,Voila,Conestoga Brand Eggs Free Range Large 12 Count,Jul,5.585794392523365
5.99,6.89,Metro,Large White Free Run Omega-3 Eggs,Jul,5.585794392523365
6.99,7.69,Voila,Conestoga Brand Eggs Free Range Large 12 Count,Jul,5.585794392523365
2.5,3.29,TandT,Bestore Stewed Quail Eggs Spicy Flavor (128g),Jul,5.585794392523365
2.5,3.29,TandT,Bestore Stewed Quail Eggs Spicy Flavor (128g),Jul,5.585794392523365
6.99,7.69,Voila,Conestoga Brand Eggs Free Range Large 12 Count,Jul,5.585794392523365
5.99,6.89,Metro,Large White Free Run Omega-3 Eggs,Jul,5.585794392523365
2.5,3.29,TandT,Bestore Stewed Quail Eggs Spicy Flavor (128g),Jul,5.585794392523365
6.99,7.69,Voila,Conestoga Brand Eggs Free Range Large 12 Count,Jul,5.585794392523365
2.5,3.29,TandT,Bestore Stewed Quail Eggs Spicy Flavor (128g),Jul,5.585794392523365
2.5,3.29,TandT,Bestore Stewed Quail Eggs Spicy Flavor (128g),Jul,5.585794392523365
6.99,7.69,Voila,Conestoga Brand Eggs Free Range Large 12 Count,Jul,5.585794392523365
6.99,7.69,Voila,Conestoga Brand Eggs Free Range Large 12 Count,Jul,5.585794392523365
5.99,6.89,Metro,Large White Free Run Omega-3 Eggs,Jul,5.585794392523365
5.99,6.89,Metro,Large White Free Run Omega-3 Eggs,Jul,5.585794392523365
5.99,6.89,Metro,Large White Free Run Omega-3 Eggs,Jul,5.585794392523365
2.5,3.23,TandT,Bestore Stewed Quail Eggs Spicy Flavor (128g),Jul,5.585794392523365
4.99,6.99,Metro,"Large Eggs Form Free Run Hens, Naturalia",Jul,5.585794392523365
6.99,7.69,Voila,Conestoga Brand Eggs Free Range Large 12 Count,Jul,5.585794392523365
6.99,7.69,Voila,Conestoga Brand Eggs Free Range Large 12 Count,Jul,5.585794392523365
3.98,5.6,TandT,Burnbrae Farms Large Brown Eggs (12s),Jul,5.585794392523365
2.88,3.88,Loblaws,Large Grade A Eggs,Jul,5.585794392523365
2.5,3.23,TandT,Bestore Stewed Quail Eggs Spicy Flavor (128g),Jul,5.585794392523365
5.99,6.89,Metro,Large White Free Run Omega-3 Eggs,Jul,5.585794392523365
2.5,3.29,TandT,Bestore Stewed Quail Eggs Spicy Flavor (128g),Jul,5.585794392523365
4.59,5.09,Metro,Extra Large White Eggs,Jul,5.585794392523365
4.99,6.99,Metro,"Large Eggs Form Free Run Hens, Naturalia",Jul,5.585794392523365
4.99,7.99,Metro,"Free Run Hence Large Eggs, Naturalia",Jul,5.585794392523365
3.98,5.6,TandT,Burnbrae Farms Large Brown Eggs (12s),Jul,5.585794392523365
4.99,6.99,Metro,"Large Eggs Form Free Run Hens, Naturalia",Jul,5.585794392523365
6.99,7.69,Voila,Conestoga Brand Eggs Free Range Large 12 Count,Jul,5.585794392523365
6.99,7.69,Voila,Conestoga Brand Eggs Free Range Large 12 Count,Jul,5.585794392523365
6.99,7.69,Voila,Conestoga Brand Eggs Free Range Large 12 Count,Jul,5.585794392523365
5.99,6.89,Metro,Large White Free Run Omega-3 Eggs,Jul,5.585794392523365
2.5,3.29,TandT,Bestore Stewed Quail Eggs Spicy Flavor (128g),Jul,5.585794392523365
2.88,3.88,Loblaws,Large Grade A Eggs,Jul,5.585794392523365
2.5,3.29,TandT,Bestore Stewed Quail Eggs Spicy Flavor (128g),Jul,5.585794392523365
5.99,6.89,Metro,Large White Free Run Omega-3 Eggs,Jul,5.585794392523365
3.98,5.6,TandT,Burnbrae Farms Large Brown Eggs (12s),Jul,5.585794392523365
3.98,5.6,TandT,Burnbrae Farms Large Brown Eggs (12s),Jul,5.585794392523365
3.98,5.6,TandT,Burnbrae Farms Large Brown Eggs (12s),Jul,5.585794392523365
6.99,7.69,Voila,Conestoga Brand Eggs Free Range Large 12 Count,Jul,5.585794392523365
6.99,7.69,Voila,Conestoga Brand Eggs Free Range Large 12 Count,Jul,5.585794392523365
6.99,7.69,Voila,Conestoga Brand Eggs Free Range Large 12 Count,Jul,5.585794392523365
6.99,7.69,Voila,Conestoga Brand Eggs Free Range Large 12 Count,Jul,5.585794392523365
6.99,7.69,Voila,Conestoga Brand Eggs Free Range Large 12 Count,Jul,5.585794392523365
2.88,3.88,Loblaws,Large Grade A Eggs,Jul,5.585794392523365
6.99,7.69,Voila,Conestoga Brand Eggs Free Range Large 12 Count,Jul,5.585794392523365
6.99,7.69,Voila,Conestoga Brand Eggs Free Range Large 12 Count,Jul,5.585794392523365
2.88,3.88,Loblaws,Large Grade A Eggs,Jul,5.585794392523365
2.88,3.88,Loblaws,Large Grade A Eggs,Jul,5.585794392523365
6.99,7.69,Voila,Conestoga Brand Eggs Free Range Large 12 Count,Jul,5.585794392523365
4.99,6.99,Metro,"Large Eggs Form Free Run Hens, Naturalia",Jul,5.585794392523365
4.99,7.99,Metro,"Free Run Hence Large Eggs, Naturalia",Jul,5.585794392523365
4.99,7.99,Metro,"Free Run Hence Large Eggs, Naturalia",Jul,5.585794392523365
4.99,7.99,Metro,"Free Run Hence Large Eggs, Naturalia",Jul,5.585794392523365
6.99,7.69,Voila,Conestoga Brand Eggs Free Range Large 12 Count,Jul,5.585794392523365
6.99,7.69,Voila,Conestoga Brand Eggs Free Range Large 12 Count,Jul,5.585794392523365
6.99,7.69,Voila,Conestoga Brand Eggs Free Range Large 12 Count,Jul,5.585794392523365
5.49,6.89,Metro,"Free Run™ Large Eggs, Naturegg",Jul,5.585794392523365
3.98,5.6,TandT,Burnbrae Farms Large Brown Eggs (12s),Jul,5.585794392523365
5.49,6.89,Metro,"Free Run™ Large Eggs, Naturegg",Jul,5.585794392523365
6.99,7.69,Voila,Conestoga Brand Eggs Free Range Large 12 Count,Jul,5.585794392523365
4.99,7.99,Metro,"Free Run Hence Large Eggs, Naturalia",Jul,5.585794392523365
6.99,7.69,Voila,Conestoga Brand Eggs Free Range Large 12 Count,Jul,5.585794392523365
4.58,6.59,TandT,Naturegg Large Omega-3 Brown Eggs (12s),Jul,5.585794392523365
4.58,6.59,TandT,Naturegg Large Omega-3 Brown Eggs (12s),Jul,5.585794392523365
6.99,7.69,Voila,Conestoga Brand Eggs Free Range Large 12 Count,Jul,5.585794392523365
4.58,6.59,TandT,Naturegg Large Omega-3 Brown Eggs (12s),Jul,5.585794392523365
6.99,7.69,Voila,Conestoga Brand Eggs Free Range Large 12 Count,Jul,5.585794392523365
5.49,6.89,Metro,"Large Eggs Form Free Run Hens, Naturalia",Jul,5.585794392523365
4.99,6.99,Metro,"Large Eggs Form Free Run Hens, Naturalia",Jul,5.585794392523365
4.99,6.99,Metro,"Large Eggs Form Free Run Hens, Naturalia",Jul,5.585794392523365
6.99,7.69,Voila,Conestoga Brand Eggs Free Range Large 12 Count,Jul,5.585794392523365
4.58,6.59,TandT,Naturegg Large Omega-3 Brown Eggs (12s),Jul,5.585794392523365
3.98,5.6,TandT,Burnbrae Farms Large Brown Eggs (12s),Jul,5.585794392523365
5.49,6.09,Voila,Gold Egg Omega 3 White Eggs Large 12 Count,Apr,6.33632
5.49,6.09,Voila,Gold Egg Omega 3 White Eggs Large 12 Count,Apr,6.33632
5.49,6.49,Loblaws,Naturegg NestlaidOmega 3 Large Size 12 Eggs,Apr,6.33632
5.49,6.09,Voila,Gold Egg Omega 3 White Eggs Large 12 Count,Apr,6.33632
5.49,6.09,Voila,Gold Egg Omega 3 White Eggs Large 12 Count,Apr,6.33632
5.49,6.09,Voila,Gold Egg Omega 3 White Eggs Large 12 Count,Apr,6.33632
4.99,6.59,Metro,"Large Eggs Form Free Run Hens, Naturalia",Apr,6.33632
5.99,6.59,Voila,Gold Egg Omega 3 Brown Eggs Large 12 Count,Apr,6.33632
5.99,6.59,Voila,Gold Egg Omega 3 Brown Eggs Large 12 Count,Apr,6.33632
5.99,6.59,Voila,Gold Egg Omega 3 Brown Eggs Large 12 Count,Apr,6.33632
3.88,5.19,TandT,Burnbrae Farms Large Brown Eggs (12s),Apr,6.33632
6.99,6.99,Galleria,Conestoga Free Run Omega-3 Large White Eggs 12EA,Apr,6.33632
6.99,6.99,Galleria,Conestoga Free Run Omega-3 Large White Eggs 12EA,Apr,6.33632
5.99,6.59,Voila,Gold Egg Omega 3 Brown Eggs Large 12 Count,Apr,6.33632
5.49,6.09,Voila,Gold Egg Omega 3 White Eggs Large 12 Count,Apr,6.33632
6.99,6.99,Galleria,Conestoga Free Run Omega-3 Large White Eggs 12EA,Apr,6.33632
3.88,5.19,TandT,Burnbrae Farms Large Brown Eggs (12s),Apr,6.33632
4.99,6.59,Metro,"Large Eggs Form Free Run Hens, Naturalia",Apr,6.33632
5.99,6.89,Metro,Large White Free Run Omega-3 Eggs,Apr,6.33632
3.88,5.19,TandT,Burnbrae Farms Large Brown Eggs (12s),Apr,6.33632
5.49,6.09,Voila,Gold Egg Omega 3 White Eggs Large 12 Count,Apr,6.33632
3.88,5.19,TandT,Burnbrae Farms Large Brown Eggs (12s),Apr,6.33632
5.49,6.09,Voila,Gold Egg Omega 3 White Eggs Large 12 Count,Apr,6.33632
5.49,6.09,Voila,Gold Egg Omega 3 White Eggs Large 12 Count,Apr,6.33632
5.49,6.09,Voila,Gold Egg Omega 3 White Eggs Large 12 Count,Apr,6.33632
5.49,6.09,Voila,Gold Egg Omega 3 White Eggs Large 12 Count,Apr,6.33632
7.49,7.59,Metro,"Organic Large Brown Eggs, Free Range",Apr,6.33632
5.99,6.59,Voila,Gold Egg Omega 3 Brown Eggs Large 12 Count,Apr,6.33632
5.99,6.59,Voila,Gold Egg Omega 3 Brown Eggs Large 12 Count,Apr,6.33632
5.99,6.59,Voila,Gold Egg Omega 3 Brown Eggs Large 12 Count,Apr,6.33632
5.49,6.49,Loblaws,Naturegg NestlaidOmega 3 Large Size 12 Eggs,Apr,6.33632
7.49,7.59,Metro,"Organic Large Brown Eggs, Free Range",Apr,6.33632
7.49,7.59,Metro,"Organic Large Brown Eggs, Free Range",Apr,6.33632
5.49,6.09,Voila,Gold Egg Omega 3 White Eggs Large 12 Count,Apr,6.33632
5.99,6.59,Voila,Gold Egg Omega 3 Brown Eggs Large 12 Count,Apr,6.33632
4.99,6.59,Metro,"Large Eggs Form Free Run Hens, Naturalia",Apr,6.33632
5.49,6.09,Voila,Gold Egg Omega 3 White Eggs Large 12 Count,Apr,6.33632
7.49,7.59,Metro,"Organic Large Brown Eggs, Free Range",Apr,6.33632
5.99,6.59,Voila,Gold Egg Omega 3 Brown Eggs Large 12 Count,Apr,6.33632
5.99,6.59,Voila,Gold Egg Omega 3 Brown Eggs Large 12 Count,Apr,6.33632
5.99,6.59,Voila,Gold Egg Omega 3 Brown Eggs Large 12 Count,Apr,6.33632
5.99,7.99,Metro,Large White Free Run Omega-3 Eggs,Apr,6.33632
6.49,7.29,Metro,Large Brown Eggs From The Nests Of Free Run Hens,Apr,6.33632
6.49,7.29,Metro,Large Brown Eggs From The Nests Of Free Run Hens,Apr,6.33632
5.49,6.09,Voila,Gold Egg Omega 3 White Eggs Large 12 Count,Apr,6.33632
6.49,7.29,Metro,Large Brown Eggs From The Nests Of Free Run Hens,Apr,6.33632
5.99,6.59,Voila,Gold Egg Omega 3 Brown Eggs Large 12 Count,Apr,6.33632
5.99,7.99,Metro,Large White Free Run Omega-3 Eggs,Apr,6.33632
5.99,6.59,Voila,Gold Egg Omega 3 Brown Eggs Large 12 Count,Apr,6.33632
5.99,6.59,Voila,Gold Egg Omega 3 Brown Eggs Large 12 Count,Apr,6.33632
5.49,6.09,Voila,Gold Egg Omega 3 White Eggs Large 12 Count,Apr,6.33632
6.49,7.29,Metro,Large Brown Eggs From The Nests Of Free Run Hens,Apr,6.33632
6.49,7.29,Metro,Large Brown Eggs From The Nests Of Free Run Hens,Apr,6.33632
5.99,6.59,Voila,Gold Egg Omega 3 Brown Eggs Large 12 Count,Apr,6.33632
5.99,6.59,Voila,Gold Egg Omega 3 Brown Eggs Large 12 Count,Apr,6.33632
5.99,6.89,Metro,Large White Free Run Omega-3 Eggs,Apr,6.33632
5.99,6.59,Voila,Gold Egg Omega 3 Brown Eggs Large 12 Count,Apr,6.33632
5.99,6.59,Voila,Gold Egg Omega 3 Brown Eggs Large 12 Count,Apr,6.33632
5.49,6.09,Voila,Gold Egg Omega 3 White Eggs Large 12 Count,Apr,6.33632
5.49,6.09,Voila,Gold Egg Omega 3 White Eggs Large 12 Count,Apr,6.33632
6.49,7.29,Metro,Large Brown Eggs From The Nests Of Free Run Hens,Apr,6.33632
5.99,7.99,Metro,Large White Free Run Omega-3 Eggs,Apr,6.33632
5.99,6.59,Voila,Gold Egg Omega 3 Brown Eggs Large 12 Count,Apr,6.33632
5.49,6.09,Voila,Gold Egg Omega 3 White Eggs Large 12 Count,Apr,6.33632
5.49,6.09,Voila,Gold Egg Omega 3 White Eggs Large 12 Count,Apr,6.33632
7.49,7.59,Metro,"Organic Large Brown Eggs, Free Range",Apr,6.33632
5.99,6.59,Voila,Gold Egg Omega 3 Brown Eggs Large 12 Count,Apr,6.33632
5.99,6.59,Voila,Gold Egg Omega 3 Brown Eggs Large 12 Count,Apr,6.33632
5.99,6.59,Voila,Gold Egg Omega 3 Brown Eggs Large 12 Count,Apr,6.33632
7.49,7.59,Metro,"Organic Large Brown Eggs, Free Range",Apr,6.33632
7.79,8.09,Metro,Organic Free Run Hence Extra Large Brown Eggs,Apr,6.33632
5.49,6.49,Loblaws,Naturegg NestlaidOmega 3 Large Size 12 Eggs,Apr,6.33632
5.49,6.49,Loblaws,Naturegg NestlaidOmega 3 Large Size 12 Eggs,Apr,6.33632
5.49,6.49,Loblaws,Naturegg NestlaidOmega 3 Large Size 12 Eggs,Apr,6.33632
6.49,7.29,Metro,Large Brown Eggs From The Nests Of Free Run Hens,Apr,6.33632
5.49,6.09,Voila,Gold Egg Omega 3 White Eggs Large 12 Count,Apr,6.33632
6.49,7.29,Metro,Large Brown Eggs From The Nests Of Free Run Hens,Apr,6.33632
4.99,5.99,Loblaws,"Naturegg Nest Laid White Eggs, Large",Apr,6.33632
4.99,5.99,Loblaws,"Naturegg Nest Laid White Eggs, Large",Apr,6.33632
4.99,5.99,Loblaws,"Naturegg Nest Laid White Eggs, Large",Apr,6.33632
5.49,5.99,Loblaws,"Naturegg Nest Laid White Eggs, Large",Apr,6.33632
5.49,6.09,Voila,Gold Egg Omega 3 White Eggs Large 12 Count,Apr,6.33632
5.49,6.09,Voila,Gold Egg Omega 3 White Eggs Large 12 Count,Apr,6.33632
5.49,6.09,Voila,Gold Egg Omega 3 White Eggs Large 12 Count,Apr,6.33632
6.49,7.29,Metro,Large Brown Eggs From The Nests Of Free Run Hens,Apr,6.33632
6.49,7.29,Metro,Large Brown Eggs From The Nests Of Free Run Hens,Apr,6.33632
6.49,7.29,Metro,Large Brown Eggs From The Nests Of Free Run Hens,Apr,6.33632
4.99,5.99,Loblaws,"Naturegg Nest Laid White Eggs, Large",Apr,6.33632
6.49,7.29,Metro,Large Brown Eggs From The Nests Of Free Run Hens,Apr,6.33632
5.49,6.09,Voila,Gold Egg Omega 3 White Eggs Large 12 Count,Apr,6.33632
4.99,5.99,Loblaws,"Naturegg Nest Laid White Eggs, Large",Apr,6.33632
4.99,5.99,Loblaws,"Naturegg Nest Laid White Eggs, Large",Apr,6.33632
4.99,5.99,Loblaws,"Naturegg Nest Laid White Eggs, Large",Apr,6.33632
4.99,5.49,Loblaws,"Naturegg Nest Laid White Eggs, Large",Apr,6.33632
5.99,6.89,Metro,Large White Free Run Omega-3 Eggs,Apr,6.33632
6.49,7.29,Metro,Large Brown Eggs From The Nests Of Free Run Hens,Apr,6.33632
4.99,8.09,Metro,"Free Run Hence Large Eggs, Naturalia",Apr,6.33632
4.99,8.09,Metro,"Free Run Hence Large Eggs, Naturalia",Apr,6.33632
4.99,8.09,Metro,"Free Run Hence Large Eggs, Naturalia",Apr,6.33632
5.99,6.59,Voila,Gold Egg Omega 3 Brown Eggs Large 12 Count,Apr,6.33632
5.99,6.59,Voila,Gold Egg Omega 3 Brown Eggs Large 12 Count,Apr,6.33632
4.99,5.99,Loblaws,"Naturegg Nest Laid White Eggs, Large",Apr,6.33632
4.99,5.99,Loblaws,"Naturegg Nest Laid White Eggs, Large",Apr,6.33632
5.49,6.09,Voila,Gold Egg Omega 3 White Eggs Large 12 Count,Apr,6.33632
5.49,6.09,Voila,Gold Egg Omega 3 White Eggs Large 12 Count,Apr,6.33632
5.99,6.59,Voila,Gold Egg Omega 3 Brown Eggs Large 12 Count,Apr,6.33632
6.49,7.29,Metro,Large Brown Eggs From The Nests Of Free Run Hens,Apr,6.33632
6.49,7.29,Metro,Large Brown Eggs From The Nests Of Free Run Hens,Apr,6.33632
4.79,6.04,TandT,Watson Salted Cooked Duck Eggs (312g),Apr,6.33632
5.99,6.49,Loblaws,Naturegg NestlaidOmega 3 Large Size 12 Eggs,Apr,6.33632
5.99,6.49,Loblaws,Naturegg NestlaidOmega 3 Large Size 12 Eggs,Apr,6.33632
7.49,7.59,Metro,"Organic Large Brown Eggs, Free Range",Apr,6.33632
7.49,7.59,Metro,"Organic Large Brown Eggs, Free Range",Apr,6.33632
4.99,6.59,Metro,"Large Eggs Form Free Run Hens, Naturalia",Apr,6.33632
5.49,6.49,Loblaws,Naturegg NestlaidOmega 3 Large Size 12 Eggs,Apr,6.33632
5.49,6.09,Voila,Gold Egg Omega 3 White Eggs Large 12 Count,Apr,6.33632
7.49,7.59,Metro,"Organic Large Brown Eggs, Free Range",Apr,6.33632
5.99,6.59,Voila,Gold Egg Omega 3 Brown Eggs Large 12 Count,Apr,6.33632
5.99,6.59,Voila,Gold Egg Omega 3 Brown Eggs Large 12 Count,Apr,6.33632
5.99,6.89,Metro,Large White Free Run Omega-3 Eggs,Apr,6.33632
5.99,6.89,Metro,Large White Free Run Omega-3 Eggs,Apr,6.33632
6.49,7.29,Metro,Large Brown Eggs From The Nests Of Free Run Hens,Apr,6.33632
4.79,6.04,TandT,Watson Salted Cooked Duck Eggs (312g),Apr,6.33632
4.79,6.04,TandT,Watson Salted Cooked Duck Eggs (312g),Apr,6.33632
5.49,6.09,Voila,Gold Egg Omega 3 White Eggs Large 12 Count,Apr,6.33632
5.49,5.99,Loblaws,"Naturegg Nest Laid White Eggs, Large",Apr,6.33632
5.49,5.99,Loblaws,"Naturegg Nest Laid White Eggs, Large",Apr,6.33632
5.99,7.99,Metro,Large White Free Run Omega-3 Eggs,Apr,6.33632
5.49,6.09,Voila,Gold Egg Omega 3 White Eggs Large 12 Count,Apr,6.33632
7.79,8.09,Metro,Organic Free Run Hence Extra Large Brown Eggs,Apr,6.33632
7.79,8.09,Metro,Organic Free Run Hence Extra Large Brown Eggs,Apr,6.33632
5.99,6.89,Metro,Large White Free Run Omega-3 Eggs,Apr,6.33632
7.79,8.09,Metro,Organic Free Run Hence Extra Large Brown Eggs,Apr,6.33632
7.79,8.09,Metro,Organic Free Run Hence Extra Large Brown Eggs,Apr,6.33632
7.79,8.09,Metro,Organic Free Run Hence Extra Large Brown Eggs,Apr,6.33632
4.99,8.09,Metro,"Free Run Hence Large Eggs, Naturalia",Apr,6.33632
5.49,5.99,Loblaws,"Naturegg Nest Laid White Eggs, Large",Apr,6.33632
5.49,5.99,Loblaws,"Naturegg Nest Laid White Eggs, Large",Apr,6.33632
5.99,6.49,Loblaws,Naturegg NestlaidOmega 3 Large Size 12 Eggs,Apr,6.33632
5.49,5.99,Loblaws,"Naturegg Nest Laid White Eggs, Large",Apr,6.33632
3.99,6.37,TandT,Naturegg Omega 3 Eggs - Large (12s),Apr,6.33632
3.99,6.37,TandT,Naturegg Omega 3 Eggs - Large (12s),Apr,6.33632
5.49,6.09,Voila,Gold Egg Omega 3 White Eggs Large 12 Count,Apr,6.33632
5.99,6.59,Voila,Gold Egg Omega 3 Brown Eggs Large 12 Count,Apr,6.33632
5.99,6.59,Voila,Gold Egg Omega 3 Brown Eggs Large 12 Count,Apr,6.33632
4.99,8.09,Metro,"Free Run Hence Large Eggs, Naturalia",Apr,6.33632
4.99,8.09,Metro,"Free Run Hence Large Eggs, Naturalia",Apr,6.33632
4.99,8.09,Metro,"Free Run Hence Large Eggs, Naturalia",Apr,6.33632
6.49,7.29,Metro,Large Brown Eggs From The Nests Of Free Run Hens,Apr,6.33632
7.79,8.09,Metro,Organic Free Run Hence Extra Large Brown Eggs,Apr,6.33632
4.99,6.59,Metro,"Large Eggs Form Free Run Hens, Naturalia",Apr,6.33632
5.49,5.99,Loblaws,"Naturegg Nest Laid White Eggs, Large",Apr,6.33632
7.79,8.09,Metro,Organic Free Run Hence Extra Large Brown Eggs,Apr,6.33632
7.49,7.59,Metro,"Organic Large Brown Eggs, Free Range",Apr,6.33632
3.99,6.37,TandT,Naturegg Omega 3 Eggs - Large (12s),Apr,6.33632
7.49,7.59,Metro,"Organic Large Brown Eggs, Free Range",Apr,6.33632
7.49,7.59,Metro,"Organic Large Brown Eggs, Free Range",Apr,6.33632
7.79,8.09,Metro,Organic Free Run Hence Extra Large Brown Eggs,Apr,6.33632
7.79,8.09,Metro,Organic Free Run Hence Extra Large Brown Eggs,Apr,6.33632
7.79,8.09,Metro,Organic Free Run Hence Extra Large Brown Eggs,Apr,6.33632
7.79,8.09,Metro,Organic Free Run Hence Extra Large Brown Eggs,Apr,6.33632
7.79,8.09,Metro,Organic Free Run Hence Extra Large Brown Eggs,Apr,6.33632
4.99,6.59,Metro,"Large Eggs Form Free Run Hens, Naturalia",Apr,6.33632
7.79,8.09,Metro,Organic Free Run Hence Extra Large Brown Eggs,Apr,6.33632
7.79,8.09,Metro,Organic Free Run Hence Extra Large Brown Eggs,Apr,6.33632
4.79,6.04,TandT,Watson Salted Cooked Duck Eggs (312g),Apr,6.33632
7.79,8.09,Metro,Organic Free Run Hence Extra Large Brown Eggs,Apr,6.33632
7.79,8.09,Metro,Organic Free Run Hence Extra Large Brown Eggs,Apr,6.33632
7.79,8.09,Metro,Organic Free Run Hence Extra Large Brown Eggs,Apr,6.33632
7.49,7.59,Metro,"Organic Large Brown Eggs, Free Range",Apr,6.33632
5.99,6.59,Voila,Gold Egg Omega 3 Brown Eggs Large 12 Count,Apr,6.33632
4.79,6.04,TandT,Watson Salted Cooked Duck Eggs (312g),Apr,6.33632
7.79,8.09,Metro,Organic Free Run Hence Extra Large Brown Eggs,Apr,6.33632
4.79,6.04,TandT,Watson Salted Cooked Duck Eggs (312g),Apr,6.33632
5.99,7.99,Metro,Large White Free Run Omega-3 Eggs,Apr,6.33632
4.79,6.04,TandT,Watson Salted Cooked Duck Eggs (312g),Apr,6.33632
7.79,8.09,Metro,Organic Free Run Hence Extra Large Brown Eggs,Apr,6.33632
7.49,7.59,Metro,"Organic Large Brown Eggs, Free Range",Apr,6.33632
7.79,8.09,Metro,Organic Free Run Hence Extra Large Brown Eggs,Apr,6.33632
4.99,6.59,Metro,"Large Eggs Form Free Run Hens, Naturalia",Apr,6.33632
7.79,8.09,Metro,Organic Free Run Hence Extra Large Brown Eggs,Apr,6.33632
7.79,8.09,Metro,Organic Free Run Hence Extra Large Brown Eggs,Apr,6.33632
7.79,8.09,Metro,Organic Free Run Hence Extra Large Brown Eggs,Apr,6.33632
3.99,6.37,TandT,Naturegg Omega 3 Eggs - Large (12s),Apr,6.33632
5.99,7.99,Metro,Large White Free Run Omega-3 Eggs,Apr,6.33632
4.59,5.09,Metro,Extra-Large White Eggs,Jun,5.753440860215054
2.5,3.29,TandT,Bestore Stewed Quail Eggs Spicy Flavor (128g),Jun,5.753440860215054
4.59,5.09,Metro,Extra-Large White Eggs,Jun,5.753440860215054
6.29,7.29,Voila,Conestoga Farms Omega 3 Brown Eggs Free Run Large 12 Count,Jun,5.753440860215054
4.59,5.09,Metro,Extra Large White Eggs,Jun,5.753440860215054
6.99,7.69,Voila,Conestoga Brand Eggs Free Range Large 12 Count,Jun,5.753440860215054
6.29,7.29,Voila,Conestoga Farms Omega 3 Brown Eggs Free Run Large 12 Count,Jun,5.753440860215054
5.49,6.89,Metro,"Large Eggs Form Free Run Hens, Naturalia",Jun,5.753440860215054
2.5,3.29,TandT,Bestore Stewed Quail Eggs Spicy Flavor (128g),Jun,5.753440860215054
4.28,6.37,TandT,Naturegg Omega 3 Eggs - Large (12s),Jun,5.753440860215054
4.28,6.37,TandT,Naturegg Omega 3 Eggs - Large (12s),Jun,5.753440860215054
6.29,7.29,Voila,Conestoga Farms Omega 3 Brown Eggs Free Run Large 12 Count,Jun,5.753440860215054
4.59,5.09,Metro,Extra Large White Eggs,Jun,5.753440860215054
5.99,6.89,Metro,Large White Free Run Omega-3 Eggs,Jun,5.753440860215054
5.99,6.89,Metro,Large White Free Run Omega-3 Eggs,Jun,5.753440860215054
5.99,6.89,Metro,Large White Free Run Omega-3 Eggs,Jun,5.753440860215054
5.49,6.89,Metro,"Free Run™ Large Eggs, Naturegg",Jun,5.753440860215054
4.59,5.29,Metro,Large Brown Eggs,Jun,5.753440860215054
4.99,6.59,Metro,"Large Eggs Form Free Run Hens, Naturalia",Jun,5.753440860215054
4.99,6.59,Metro,"Large Eggs Form Free Run Hens, Naturalia",Jun,5.753440860215054
4.28,6.37,TandT,Naturegg Omega 3 Eggs - Large (12s),Jun,5.753440860215054
6.99,7.69,Voila,Conestoga Brand Eggs Free Range Large 12 Count,Jun,5.753440860215054
5.49,6.89,Metro,"Free Run™ Large Eggs, Naturegg",Jun,5.753440860215054
2.5,3.23,TandT,Bestore Stewed Quail Eggs Spicy Flavor (128g),Jun,5.753440860215054
5.44,6.99,NoFrills,Free Run Brown Eggs Large,Jun,5.753440860215054
5.99,6.89,Metro,Large White Free Run Omega-3 Eggs,Jun,5.753440860215054
4.99,6.59,Metro,"Large Eggs Form Free Run Hens, Naturalia",Jun,5.753440860215054
4.59,5.29,Metro,Large Brown Eggs,Jun,5.753440860215054
2.5,3.23,TandT,Bestore Stewed Quail Eggs Spicy Flavor (128g),Jun,5.753440860215054
6.29,7.29,Voila,Conestoga Farms Omega 3 Brown Eggs Free Run Large 12 Count,Jun,5.753440860215054
6.29,7.29,Voila,Conestoga Farms Omega 3 Brown Eggs Free Run Large 12 Count,Jun,5.753440860215054
6.99,7.69,Voila,Conestoga Brand Eggs Free Range Large 12 Count,Jun,5.753440860215054
6.99,7.69,Voila,Conestoga Brand Eggs Free Range Large 12 Count,Jun,5.753440860215054
6.99,7.69,Voila,Conestoga Brand Eggs Free Range Large 12 Count,Jun,5.753440860215054
2.5,3.29,TandT,Bestore Stewed Quail Eggs Spicy Flavor (128g),Jun,5.753440860215054
5.99,6.89,Metro,Large White Free Run Omega-3 Eggs,Jun,5.753440860215054
5.49,6.89,Metro,"Large Eggs Form Free Run Hens, Naturalia",Jun,5.753440860215054
4.58,6.59,TandT,Naturegg Large Omega-3 Brown Eggs (12s),Jun,5.753440860215054
4.99,6.59,Metro,"Large Eggs Form Free Run Hens, Naturalia",Jun,5.753440860215054
5.99,6.89,Metro,Large White Free Run Omega-3 Eggs,Jun,5.753440860215054
6.99,7.69,Voila,Conestoga Brand Eggs Free Range Large 12 Count,Jun,5.753440860215054
6.29,7.29,Voila,Conestoga Farms Omega 3 Brown Eggs Free Run Large 12 Count,Jun,5.753440860215054
6.29,7.29,Voila,Conestoga Farms Omega 3 Brown Eggs Free Run Large 12 Count,Jun,5.753440860215054
5.44,6.99,NoFrills,Free Run Brown Eggs Large,Jun,5.753440860215054
2.5,3.29,TandT,Bestore Stewed Quail Eggs Spicy Flavor (128g),Jun,5.753440860215054
2.5,3.23,TandT,Bestore Stewed Quail Eggs Spicy Flavor (128g),Jun,5.753440860215054
5.99,6.89,Metro,Large White Free Run Omega-3 Eggs,Jun,5.753440860215054
2.5,3.29,TandT,Bestore Stewed Quail Eggs Spicy Flavor (128g),Jun,5.753440860215054
5.99,6.89,Metro,Large White Free Run Omega-3 Eggs,Jun,5.753440860215054
5.99,6.89,Metro,Large White Free Run Omega-3 Eggs,Jun,5.753440860215054
7.49,7.99,Loblaws,"Naturegg Omega Plus Solar Free Range Eggs, Large",Jun,5.753440860215054
6.29,7.29,Voila,Conestoga Farms Omega 3 Brown Eggs Free Run Large 12 Count,Jun,5.753440860215054
4.99,6.59,Metro,"Large Eggs Form Free Run Hens, Naturalia",Jun,5.753440860215054
6.29,7.29,Voila,Conestoga Farms Omega 3 Brown Eggs Free Run Large 12 Count,Jun,5.753440860215054
4.28,6.37,TandT,Naturegg Omega 3 Eggs - Large (12s),Jun,5.753440860215054
4.58,6.59,TandT,Naturegg Large Omega-3 Brown Eggs (12s),Jun,5.753440860215054
6.29,7.29,Voila,Conestoga Farms Omega 3 Brown Eggs Free Run Large 12 Count,Jun,5.753440860215054
6.29,7.29,Voila,Conestoga Farms Omega 3 Brown Eggs Free Run Large 12 Count,Jun,5.753440860215054
5.44,6.99,NoFrills,Free Run Brown Eggs Large,Jun,5.753440860215054
5.44,6.99,NoFrills,Free Run Brown Eggs Large,Jun,5.753440860215054
5.99,6.89,Metro,Large White Free Run Omega-3 Eggs,Jun,5.753440860215054
5.99,6.89,Metro,Large White Free Run Omega-3 Eggs,Jun,5.753440860215054
7.49,7.99,Loblaws,"Naturegg Solar Free Range Eggs, Large",Jun,5.753440860215054
7.49,7.99,Loblaws,"Naturegg Solar Free Range Eggs, Large",Jun,5.753440860215054
7.49,7.99,Loblaws,"Naturegg Omega Plus Solar Free Range Eggs, Large",Jun,5.753440860215054
6.29,7.29,Voila,Conestoga Farms Omega 3 Brown Eggs Free Run Large 12 Count,Jun,5.753440860215054
7.49,7.99,Loblaws,"Naturegg Omega Plus Solar Free Range Eggs, Large",Jun,5.753440860215054
6.99,7.69,Voila,Conestoga Brand Eggs Free Range Large 12 Count,Jun,5.753440860215054
6.99,7.69,Voila,Conestoga Brand Eggs Free Range Large 12 Count,Jun,5.753440860215054
4.99,8.09,Metro,"Free Run Hence Large Eggs, Naturalia",Jun,5.753440860215054
4.99,8.09,Metro,"Free Run Hence Large Eggs, Naturalia",Jun,5.753440860215054
6.29,7.29,Voila,Conestoga Farms Omega 3 Brown Eggs Free Run Large 12 Count,Jun,5.753440860215054
4.99,8.09,Metro,"Free Run Hence Large Eggs, Naturalia",Jun,5.753440860215054
5.99,6.89,Metro,Large White Free Run Omega-3 Eggs,Jun,5.753440860215054
5.44,6.99,NoFrills,Free Run Brown Eggs Large,Jun,5.753440860215054
2.5,3.29,TandT,Bestore Stewed Quail Eggs Spicy Flavor (128g),Jun,5.753440860215054
7.49,7.99,Loblaws,"Naturegg Omega Plus Solar Free Range Eggs, Large",Jun,5.753440860215054
4.58,6.59,TandT,Naturegg Large Omega-3 Brown Eggs (12s),Jun,5.753440860215054
6.29,7.29,Voila,Conestoga Farms Omega 3 Brown Eggs Free Run Large 12 Count,Jun,5.753440860215054
4.28,6.25,TandT,Naturegg Omega 3 Eggs - Large (12s),Jun,5.753440860215054
6.29,7.29,Voila,Conestoga Farms Omega 3 Brown Eggs Free Run Large 12 Count,Jun,5.753440860215054
6.29,7.29,Voila,Conestoga Farms Omega 3 Brown Eggs Free Run Large 12 Count,Jun,5.753440860215054
5.99,6.89,Metro,Large White Free Run Omega-3 Eggs,Jun,5.753440860215054
5.99,6.89,Metro,Large White Free Run Omega-3 Eggs,Jun,5.753440860215054
4.99,8.09,Metro,"Free Run Hence Large Eggs, Naturalia",Jun,5.753440860215054
6.99,7.69,Voila,Conestoga Brand Eggs Free Range Large 12 Count,Jun,5.753440860215054
5.99,6.89,Metro,Large White Free Run Omega-3 Eggs,Jun,5.753440860215054
4.99,8.09,Metro,"Free Run Hence Large Eggs, Naturalia",Jun,5.753440860215054
7.49,7.99,Loblaws,"Naturegg Solar Free Range Eggs, Large",Jun,5.753440860215054
7.49,7.99,Loblaws,"Naturegg Omega Plus Solar Free Range Eggs, Large",Jun,5.753440860215054
6.29,7.29,Voila,Conestoga Farms Omega 3 Brown Eggs Free Run Large 12 Count,Jun,5.753440860215054
4.28,6.37,TandT,Naturegg Omega 3 Eggs - Large (12s),Jun,5.753440860215054
6.29,7.29,Voila,Conestoga Farms Omega 3 Brown Eggs Free Run Large 12 Count,Jun,5.753440860215054
5.99,6.89,Metro,Large White Free Run Omega-3 Eggs,Jun,5.753440860215054
5.99,6.89,Metro,Large White Free Run Omega-3 Eggs,Jun,5.753440860215054
4.99,8.09,Metro,"Free Run Hence Large Eggs, Naturalia",Jun,5.753440860215054
6.29,7.29,Voila,Conestoga Farms Omega 3 Brown Eggs Free Run Large 12 Count,Jun,5.753440860215054
2.5,3.29,TandT,Bestore Stewed Quail Eggs Spicy Flavor (128g),Jun,5.753440860215054
7.49,7.99,Loblaws,"Naturegg Solar Free Range Eggs, Large",Jun,5.753440860215054
6.29,7.29,Voila,Conestoga Farms Omega 3 Brown Eggs Free Run Large 12 Count,Jun,5.753440860215054
5.99,6.89,Metro,Large White Free Run Omega-3 Eggs,Jun,5.753440860215054
4.28,6.25,TandT,Naturegg Omega 3 Eggs - Large (12s),Jun,5.753440860215054
6.99,7.69,Voila,Conestoga Brand Eggs Free Range Large 12 Count,Jun,5.753440860215054
6.99,7.69,Voila,Conestoga Brand Eggs Free Range Large 12 Count,Jun,5.753440860215054
6.99,7.69,Voila,Conestoga Brand Eggs Free Range Large 12 Count,Jun,5.753440860215054
4.99,8.09,Metro,"Free Run Hence Large Eggs, Naturalia",Jun,5.753440860215054
7.49,7.99,Loblaws,"Naturegg Solar Free Range Eggs, Large",Jun,5.753440860215054
5.49,6.09,Metro,"Nature'S Best™ Large Eggs, Naturegg",Nov,6.0964
5.49,6.08,Loblaws,"Naturegg Nest Laid White Eggs, Large",Nov,6.0964
5.49,6.09,Metro,"Nature'S Best™ Large Eggs, Naturegg",Nov,6.0964
5.49,6.09,Metro,"Nature'S Best™ Large Eggs, Naturegg",Nov,6.0964
5.49,6.09,Metro,"Nature'S Best™ Large Eggs, Naturegg",Nov,6.0964
5.49,6.09,Metro,"Nature'S Best™ Large Eggs, Naturegg",Nov,6.0964
5.49,6.58,Loblaws,Naturegg NestlaidOmega 3 Large Size 12 Eggs,Nov,6.0964
5.49,6.08,Loblaws,"Naturegg Nest Laid White Eggs, Large",Nov,6.0964
8.29,8.69,SaveOnFoods,"Golden Valley - Country Golden Yolks Free Range Large Brown Eggs, 12 Each",Nov,6.0964
5.49,6.09,Metro,"Nature'S Best™ Large Eggs, Naturegg",Nov,6.0964
5.49,6.09,Metro,"Nature'S Best™ Large Eggs, Naturegg",Nov,6.0964
5.49,6.09,Metro,"Nature'S Best™ Large Eggs, Naturegg",Nov,6.0964
5.49,6.09,Metro,"Nature'S Best™ Large Eggs, Naturegg",Nov,6.0964
5.49,6.09,Metro,"Nature'S Best™ Large Eggs, Naturegg",Nov,6.0964
5.49,6.08,Loblaws,"Naturegg Nest Laid White Eggs, Large",Nov,6.0964
5.49,6.08,Loblaws,"Naturegg Nest Laid White Eggs, Large",Nov,6.0964
5.49,6.09,Metro,"Nature'S Best™ Large Eggs, Naturegg",Nov,6.0964
5,7.08,NoFrills,Free Run Brown Eggs Large,Nov,6.0964
5,7.08,NoFrills,Free Run Brown Eggs Large,Nov,6.0964
5,7.08,NoFrills,Free Run Brown Eggs Large,Nov,6.0964
5,7.08,NoFrills,Free Run Brown Eggs Large,Nov,6.0964
5.49,6.09,Metro,"Nature'S Best™ Large Eggs, Naturegg",Nov,6.0964
5.49,6.09,Metro,"Nature'S Best™ Large Eggs, Naturegg",Nov,6.0964
6.49,7.08,Loblaws,Free Run Brown Eggs Large,Nov,6.0964
6.49,7.08,Loblaws,Free Run Brown Eggs Large,Nov,6.0964
5.49,6.58,Loblaws,Naturegg NestlaidOmega 3 Large Size 12 Eggs,Nov,6.0964
5.49,6.58,Loblaws,Naturegg NestlaidOmega 3 Large Size 12 Eggs,Nov,6.0964
5.49,6.58,Loblaws,Naturegg NestlaidOmega 3 Large Size 12 Eggs,Nov,6.0964
6.49,7.08,Loblaws,Free Run Brown Eggs Large,Nov,6.0964
6.49,7.08,Loblaws,Free Run Brown Eggs Large,Nov,6.0964
5,7.08,NoFrills,Free Run Brown Eggs Large,Nov,6.0964
5,7.08,NoFrills,Free Run Brown Eggs Large,Nov,6.0964
5,7.08,NoFrills,Free Run Brown Eggs Large,Nov,6.0964
8.29,8.69,SaveOnFoods,"Golden Valley - Country Golden Yolks Free Range Large Brown Eggs, 12 Each",Nov,6.0964
8.29,8.69,SaveOnFoods,"Golden Valley - Country Golden Yolks Free Range Large Brown Eggs, 12 Each",Nov,6.0964
8.29,8.69,SaveOnFoods,"Golden Valley - Country Golden Yolks Free Range Large Brown Eggs, 12 Each",Nov,6.0964
8.29,8.69,SaveOnFoods,"Golden Valley - Country Golden Yolks Free Range Large Brown Eggs, 12 Each",Nov,6.0964
5.49,6.08,Loblaws,"Naturegg Nest Laid White Eggs, Large",Nov,6.0964
5.49,6.08,Loblaws,"Naturegg Nest Laid White Eggs, Large",Nov,6.0964
6.49,7.08,Loblaws,Free Run Brown Eggs Large,Nov,6.0964
5.49,6.08,Loblaws,"Naturegg Nest Laid White Eggs, Large",Nov,6.0964
6.49,7.08,Loblaws,Free Run Brown Eggs Large,Nov,6.0964
5.49,6.09,Metro,"Nature'S Best™ Large Eggs, Naturegg",Nov,6.0964
5.49,6.09,Metro,"Nature'S Best™ Large Eggs, Naturegg",Nov,6.0964
6.49,7.08,Loblaws,Free Run Brown Eggs Large,Nov,6.0964
3.99,6.04,TandT,Watson Salted Cooked Duck Eggs (312g),Nov,6.0964
3.99,6.04,TandT,Watson Salted Cooked Duck Eggs (312g),Nov,6.0964
3.99,6.04,TandT,Watson Salted Cooked Duck Eggs (312g),Nov,6.0964
3.99,6.04,TandT,Watson Salted Cooked Duck Eggs (312g),Nov,6.0964
3.99,6.04,TandT,Watson Salted Cooked Duck Eggs (312g),Nov,6.0964
6.49,7.29,Metro,"Free Run™ Large Eggs, Naturegg",Nov,6.0964
6.49,7.29,Metro,"Free Run™ Large Eggs, Naturegg",Nov,6.0964
6.49,7.29,Metro,"Free Run™ Large Eggs, Naturegg",Nov,6.0964
6.49,7.29,Metro,"Free Run™ Large Eggs, Naturegg",Nov,6.0964
6.49,7.29,Metro,"Free Run™ Large Eggs, Naturegg",Nov,6.0964
6.49,7.29,Metro,"Free Run™ Large Eggs, Naturegg",Nov,6.0964
6.49,7.29,Metro,"Free Run™ Large Eggs, Naturegg",Nov,6.0964
3.99,6.04,TandT,Watson Salted Cooked Duck Eggs (312g),Nov,6.0964
6.49,7.08,Loblaws,Free Run Brown Eggs Large,Nov,6.0964
4.48,6.37,TandT,Naturegg Omega 3 Eggs - Large (12s),Nov,6.0964
4.48,6.37,TandT,Naturegg Omega 3 Eggs - Large (12s),Nov,6.0964
4.48,6.37,TandT,Naturegg Omega 3 Eggs - Large (12s),Nov,6.0964
4.48,6.37,TandT,Naturegg Omega 3 Eggs - Large (12s),Nov,6.0964
4.48,6.37,TandT,Naturegg Omega 3 Eggs - Large (12s),Nov,6.0964
7.49,8.69,Metro,"Solar Free Range Large Eggs, Omega Plus",Nov,6.0964
7.49,8.69,Metro,"Solar Free Range Large Eggs, Omega Plus",Nov,6.0964
5.49,6.58,Loblaws,Naturegg NestlaidOmega 3 Large Size 12 Eggs,Nov,6.0964
5.49,6.58,Loblaws,Naturegg NestlaidOmega 3 Large Size 12 Eggs,Nov,6.0964
5.49,6.58,Loblaws,Naturegg NestlaidOmega 3 Large Size 12 Eggs,Nov,6.0964
6.49,7.08,Loblaws,Free Run Brown Eggs Large,Nov,6.0964
6.49,7.08,Loblaws,Free Run Brown Eggs Large,Nov,6.0964
5.49,6.09,Metro,"Nature'S Best™ Large Eggs, Naturegg",Nov,6.0964
7.49,8.69,Metro,"Solar Free Range Large Eggs, Omega Plus",Nov,6.0964
7.49,8.69,Metro,"Solar Free Range Large Eggs, Omega Plus",Nov,6.0964
7.49,8.69,Metro,"Solar Free Range Large Eggs, Omega Plus",Nov,6.0964
7.49,8.69,Metro,"Solar Free Range Large Eggs, Omega Plus",Nov,6.0964
7.49,8.69,Metro,"Solar Free Range Large Eggs, Omega Plus",Nov,6.0964
7.49,8.69,Metro,"Solar Free Range Large Eggs, Omega Plus",Nov,6.0964
7.49,8.69,Metro,"Solar Free Range Large Eggs, Omega Plus",Nov,6.0964
7.49,8.69,Metro,"Solar Free Range Large Eggs, Omega Plus",Nov,6.0964
7.49,8.69,Metro,"Solar Free Range Large Eggs, Omega Plus",Nov,6.0964
7.49,8.69,Metro,"Solar Free Range Large Eggs, Omega Plus",Nov,6.0964
7.49,8.69,Metro,"Solar Free Range Large Eggs, Omega Plus",Nov,6.0964
7.49,8.69,Metro,"Solar Free Range Large Eggs, Omega Plus",Nov,6.0964
7.49,8.69,Metro,"Solar Free Range Large Eggs, Omega Plus",Nov,6.0964
7.49,8.69,Metro,"Solar Free Range Large Eggs, Omega Plus",Nov,6.0964
7.49,8.69,Metro,"Solar Free Range Large Eggs, Omega Plus",Nov,6.0964
7.49,8.69,Metro,"Solar Free Range Large Eggs, Omega Plus",Nov,6.0964
7.49,8.69,Metro,"Solar Free Range Large Eggs, Omega Plus",Nov,6.0964
7.49,8.69,Metro,"Solar Free Range Large Eggs, Omega Plus",Nov,6.0964
7.49,8.69,Metro,"Solar Free Range Large Eggs, Omega Plus",Nov,6.0964
7.49,8.69,Metro,"Solar Free Range Large Eggs, Omega Plus",Nov,6.0964
7.49,8.69,Metro,"Solar Free Range Large Eggs, Omega Plus",Nov,6.0964
7.49,8.69,Metro,"Solar Free Range Large Eggs, Omega Plus",Nov,6.0964
7.49,8.69,Metro,"Solar Free Range Large Eggs, Omega Plus",Nov,6.0964
7.49,8.69,Metro,"Solar Free Range Large Eggs, Omega Plus",Nov,6.0964
7.49,8.69,Metro,"Solar Free Range Large Eggs, Omega Plus",Nov,6.0964
5.49,6.09,Metro,"Nature'S Best™ Large Eggs, Naturegg",Nov,6.0964
5.49,6.09,Metro,"Nature'S Best™ Large Eggs, Naturegg",Nov,6.0964
5.49,6.09,Metro,"Nature'S Best™ Large Eggs, Naturegg",Nov,6.0964
5.49,6.09,Metro,"Nature'S Best™ Large Eggs, Naturegg",Nov,6.0964
5.49,6.09,Metro,"Nature'S Best™ Large Eggs, Naturegg",Nov,6.0964
5.49,6.09,Metro,"Nature'S Best™ Large Eggs, Naturegg",Nov,6.0964
5.49,6.09,Metro,"Nature'S Best™ Large Eggs, Naturegg",Nov,6.0964
5.49,6.09,Metro,"Nature'S Best™ Large Eggs, Naturegg",Nov,6.0964
8.29,8.69,SaveOnFoods,"Golden Valley - Country Golden Yolks Free Range Large Brown Eggs, 12 Each",Nov,6.0964
8.29,8.69,SaveOnFoods,"Golden Valley - Country Golden Yolks Free Range Large Brown Eggs, 12 Each",Nov,6.0964
8.29,8.69,SaveOnFoods,"Golden Valley - Country Golden Yolks Free Range Large Brown Eggs, 12 Each",Nov,6.0964
8.29,8.69,SaveOnFoods,"Golden Valley - Country Golden Yolks Free Range Large Brown Eggs, 12 Each",Nov,6.0964
8.29,8.69,SaveOnFoods,"Golden Valley - Country Golden Yolks Free Range Large Brown Eggs, 12 Each",Nov,6.0964
8.29,8.69,SaveOnFoods,"Golden Valley - Country Golden Yolks Free Range Large Brown Eggs, 12 Each",Nov,6.0964
8.29,8.69,SaveOnFoods,"Golden Valley - Country Golden Yolks Free Range Large Brown Eggs, 12 Each",Nov,6.0964
8.29,8.69,SaveOnFoods,"Golden Valley - Country Golden Yolks Free Range Large Brown Eggs, 12 Each",Nov,6.0964
6.49,7.29,Metro,"Free Run™ Large Eggs, Naturegg",Nov,6.0964
6.49,7.29,Metro,"Free Run™ Large Eggs, Naturegg",Nov,6.0964
6.49,7.29,Metro,"Free Run™ Large Eggs, Naturegg",Nov,6.0964
6.49,7.29,Metro,"Free Run™ Large Eggs, Naturegg",Nov,6.0964
6.49,7.29,Metro,"Free Run™ Large Eggs, Naturegg",Nov,6.0964
6.49,7.29,Metro,"Free Run™ Large Eggs, Naturegg",Nov,6.0964
6.49,7.29,Metro,"Free Run™ Large Eggs, Naturegg",Nov,6.0964
6.49,7.29,Metro,"Free Run™ Large Eggs, Naturegg",Nov,6.0964
6.49,7.29,Metro,"Free Run™ Large Eggs, Naturegg",Nov,6.0964
6.49,7.29,Metro,"Free Run™ Large Eggs, Naturegg",Nov,6.0964
6.49,7.29,Metro,"Free Run™ Large Eggs, Naturegg",Nov,6.0964
6.49,7.29,Metro,"Free Run™ Large Eggs, Naturegg",Nov,6.0964
6.49,7.29,Metro,"Free Run™ Large Eggs, Naturegg",Nov,6.0964
6.49,7.29,Metro,"Free Run™ Large Eggs, Naturegg",Nov,6.0964
6.49,7.29,Metro,"Free Run™ Large Eggs, Naturegg",Nov,6.0964
6.49,7.29,Metro,"Free Run™ Large Eggs, Naturegg",Nov,6.0964
6.49,7.29,Metro,"Free Run™ Large Eggs, Naturegg",Nov,6.0964
6.49,7.29,Metro,"Free Run™ Large Eggs, Naturegg",Nov,6.0964
6.49,7.29,Metro,"Free Run™ Large Eggs, Naturegg",Nov,6.0964
2.5,2.99,TandT,Bestore Stewed Quail Eggs Spicy Flavor (128g),Nov,6.0964
2.5,2.99,TandT,Bestore Stewed Quail Eggs Spicy Flavor (128g),Nov,6.0964
2.5,2.99,TandT,Bestore Stewed Quail Eggs Spicy Flavor (128g),Nov,6.0964
2.5,2.99,TandT,Bestore Stewed Quail Eggs Spicy Flavor (128g),Nov,6.0964
2.5,2.99,TandT,Bestore Stewed Quail Eggs Spicy Flavor (128g),Nov,6.0964
2.5,2.99,TandT,Bestore Stewed Quail Eggs Spicy Flavor (128g),Nov,6.0964
2.5,2.99,TandT,Bestore Stewed Quail Eggs Spicy Flavor (128g),Nov,6.0964
6.49,7.29,Metro,"Free Run™ Large Eggs, Naturegg",Nov,6.0964
6.49,7.29,Metro,"Free Run™ Large Eggs, Naturegg",Nov,6.0964
6.49,7.29,Metro,"Free Run™ Large Eggs, Naturegg",Nov,6.0964
6.49,7.08,Loblaws,Free Run Brown Eggs Large,Nov,6.0964
6.49,7.08,Loblaws,Free Run Brown Eggs Large,Nov,6.0964
6.49,7.08,Loblaws,Free Run Brown Eggs Large,Nov,6.0964
6.49,7.08,Loblaws,Free Run Brown Eggs Large,Nov,6.0964
6.49,7.08,Loblaws,Free Run Brown Eggs Large,Nov,6.0964
6.49,7.08,Loblaws,Free Run Brown Eggs Large,Nov,6.0964
6.49,7.08,Loblaws,Free Run Brown Eggs Large,Nov,6.0964
6.49,7.08,Loblaws,Free Run Brown Eggs Large,Nov,6.0964
6.49,7.08,Loblaws,Free Run Brown Eggs Large,Nov,6.0964
6.49,7.08,Loblaws,Free Run Brown Eggs Large,Nov,6.0964
6.49,7.08,Loblaws,Free Run Brown Eggs Large,Nov,6.0964
6.49,7.08,Loblaws,Free Run Brown Eggs Large,Nov,6.0964
6.49,7.08,Loblaws,Free Run Brown Eggs Large,Nov,6.0964
6.49,7.08,Loblaws,Free Run Brown Eggs Large,Nov,6.0964
6.49,7.08,Loblaws,Free Run Brown Eggs Large,Nov,6.0964
7.49,8.19,Metro,Solar Free Range Large Eggs,Nov,6.0964
7.49,8.19,Metro,Solar Free Range Large Eggs,Nov,6.0964
7.49,8.19,Metro,Solar Free Range Large Eggs,Nov,6.0964
7.49,8.19,Metro,Solar Free Range Large Eggs,Nov,6.0964
7.49,8.19,Metro,Solar Free Range Large Eggs,Nov,6.0964
7.49,8.19,Metro,Solar Free Range Large Eggs,Nov,6.0964
7.49,8.19,Metro,Solar Free Range Large Eggs,Nov,6.0964
7.49,8.19,Metro,Solar Free Range Large Eggs,Nov,6.0964
7.49,8.19,Metro,Solar Free Range Large Eggs,Nov,6.0964
7.49,8.19,Metro,Solar Free Range Large Eggs,Nov,6.0964
7.49,8.19,Metro,Solar Free Range Large Eggs,Nov,6.0964
7.49,8.19,Metro,Solar Free Range Large Eggs,Nov,6.0964
7.49,8.19,Metro,Solar Free Range Large Eggs,Nov,6.0964
7.49,8.19,Metro,Solar Free Range Large Eggs,Nov,6.0964
7.49,8.19,Metro,Solar Free Range Large Eggs,Nov,6.0964
7.49,8.19,Metro,Solar Free Range Large Eggs,Nov,6.0964
7.49,8.19,Metro,Solar Free Range Large Eggs,Nov,6.0964
7.49,8.19,Metro,Solar Free Range Large Eggs,Nov,6.0964
7.49,8.19,Metro,Solar Free Range Large Eggs,Nov,6.0964
7.49,8.19,Metro,Solar Free Range Large Eggs,Nov,6.0964
7.49,8.19,Metro,Solar Free Range Large Eggs,Nov,6.0964
7.49,8.19,Metro,Solar Free Range Large Eggs,Nov,6.0964
7.49,8.19,Metro,Solar Free Range Large Eggs,Nov,6.0964
7.49,8.19,Metro,Solar Free Range Large Eggs,Nov,6.0964
7.49,8.19,Metro,Solar Free Range Large Eggs,Nov,6.0964
7.49,8.19,Metro,Solar Free Range Large Eggs,Nov,6.0964
7.49,8.19,Metro,Solar Free Range Large Eggs,Nov,6.0964
7.49,8.19,Metro,Solar Free Range Large Eggs,Nov,6.0964
4.48,6.37,TandT,Naturegg Omega 3 Eggs - Large (12s),Nov,6.0964
4.48,6.37,TandT,Naturegg Omega 3 Eggs - Large (12s),Nov,6.0964
4.48,6.37,TandT,Naturegg Omega 3 Eggs - Large (12s),Nov,6.0964
7.49,8.69,Metro,"Solar Free Range Large Eggs, Omega Plus",Nov,6.0964
7.49,8.69,Metro,"Solar Free Range Large Eggs, Omega Plus",Nov,6.0964
7.49,8.69,Metro,"Solar Free Range Large Eggs, Omega Plus",Nov,6.0964
7.49,8.69,Metro,"Solar Free Range Large Eggs, Omega Plus",Nov,6.0964
7.49,8.69,Metro,"Solar Free Range Large Eggs, Omega Plus",Nov,6.0964
6.99,8.09,Metro,"Large Brown Free Range Farm Eggs, Farms",Oct,5.647358490566038
5.49,6.29,Loblaws,Naturegg NestlaidOmega 3 Large Size 12 Eggs,Oct,5.647358490566038
6.99,8.09,Metro,"Large Brown Free Range Farm Eggs, Farms",Oct,5.647358490566038
6.99,8.08,Loblaws,"Naturegg Solar Free Range Eggs, Large",Oct,5.647358490566038
5.49,6.29,Loblaws,Naturegg NestlaidOmega 3 Large Size 12 Eggs,Oct,5.647358490566038
6.99,8.09,Metro,"Large Brown Free Range Farm Eggs, Farms",Oct,5.647358490566038
5.49,6.29,Loblaws,Naturegg NestlaidOmega 3 Large Size 12 Eggs,Oct,5.647358490566038
6.99,8.08,Loblaws,"Naturegg Solar Free Range Eggs, Large",Oct,5.647358490566038
5.49,6.29,Loblaws,Naturegg NestlaidOmega 3 Large Size 12 Eggs,Oct,5.647358490566038
5.49,6.29,Loblaws,Naturegg NestlaidOmega 3 Large Size 12 Eggs,Oct,5.647358490566038
6.49,8.09,Metro,Large Free Run Omega 3 Eggs,Oct,5.647358490566038
6.99,8.08,Loblaws,"Naturegg Omega Plus Solar Free Range Eggs, Large",Oct,5.647358490566038
6.49,8.09,Metro,Large Free Run Omega 3 Eggs,Oct,5.647358490566038
6.99,8.08,Loblaws,"Naturegg Solar Free Range Eggs, Large",Oct,5.647358490566038
5.99,6.69,Metro,Nestlaid™ Large Omega-3 Eggs,Oct,5.647358490566038
6.99,8.08,Loblaws,"Naturegg Solar Free Range Eggs, Large",Oct,5.647358490566038
5.99,6.69,Metro,Nestlaid™ Large Omega-3 Eggs,Oct,5.647358490566038
6.99,8.08,Loblaws,"Naturegg Solar Free Range Eggs, Large",Oct,5.647358490566038
5.99,6.69,Metro,Nestlaid™ Large Omega-3 Eggs,Oct,5.647358490566038
6.99,8.08,Loblaws,"Naturegg Omega Plus Solar Free Range Eggs, Large",Oct,5.647358490566038
6.99,8.08,Loblaws,"Naturegg Solar Free Range Eggs, Large",Oct,5.647358490566038
4.99,8.09,Metro,"Free Run Hence Large Eggs, Naturalia",Oct,5.647358490566038
5.99,6.69,Metro,Nestlaid™ Large Omega-3 Eggs,Oct,5.647358490566038
6.99,8.09,Metro,"Large Brown Free Range Farm Eggs, Farms",Oct,5.647358490566038
6.49,8.09,Metro,Large Free Run Omega 3 Eggs,Oct,5.647358490566038
6.99,8.08,Loblaws,"Naturegg Omega Plus Solar Free Range Eggs, Large",Oct,5.647358490566038
5.99,6.69,Metro,Nestlaid™ Large Omega-3 Eggs,Oct,5.647358490566038
7.49,8.69,Metro,"Solar Free Range Large Eggs, Omega Plus",Oct,5.647358490566038
4.66,6.59,TandT,Naturegg Large Omega-3 Brown Eggs (12s),Oct,5.647358490566038
4.66,6.59,TandT,Naturegg Large Omega-3 Brown Eggs (12s),Oct,5.647358490566038
5.99,6.69,Metro,Nestlaid™ Large Omega-3 Eggs,Oct,5.647358490566038
5.99,6.69,Metro,Nestlaid™ Large Omega-3 Eggs,Oct,5.647358490566038
6.99,8.08,Loblaws,"Naturegg Omega Plus Solar Free Range Eggs, Large",Oct,5.647358490566038
5.49,6.29,Loblaws,Naturegg NestlaidOmega 3 Large Size 12 Eggs,Oct,5.647358490566038
4.66,6.59,TandT,Naturegg Large Omega-3 Brown Eggs (12s),Oct,5.647358490566038
4.99,8.09,Metro,"Free Run Hence Large Eggs, Naturalia",Oct,5.647358490566038
6.99,8.09,Metro,"Large Brown Free Range Farm Eggs, Farms",Oct,5.647358490566038
5.49,6.29,Loblaws,Naturegg NestlaidOmega 3 Large Size 12 Eggs,Oct,5.647358490566038
5.99,6.69,Metro,Nestlaid™ Large Omega-3 Eggs,Oct,5.647358490566038
4.99,7.09,Metro,"Large Eggs Form Free Run Hens, Naturalia",Oct,5.647358490566038
6.99,8.08,Loblaws,"Naturegg Omega Plus Solar Free Range Eggs, Large",Oct,5.647358490566038
6.99,8.08,Loblaws,"Naturegg Omega Plus Solar Free Range Eggs, Large",Oct,5.647358490566038
6.99,8.08,Loblaws,"Naturegg Omega Plus Solar Free Range Eggs, Large",Oct,5.647358490566038
6.49,7.09,Metro,"Large Brown Omega-3 Eggs, Naturegg",Oct,5.647358490566038
4.66,6.59,TandT,Naturegg Large Omega-3 Brown Eggs (12s),Oct,5.647358490566038
4.99,8.09,Metro,"Free Run Hence Large Eggs, Naturalia",Oct,5.647358490566038
6.99,8.08,Loblaws,"Naturegg Solar Free Range Eggs, Large",Oct,5.647358490566038
6.99,8.08,Loblaws,"Naturegg Solar Free Range Eggs, Large",Oct,5.647358490566038
6.49,8.09,Metro,Large Free Run Omega 3 Eggs,Oct,5.647358490566038
6.49,8.09,Metro,Large Free Run Omega 3 Eggs,Oct,5.647358490566038
6.49,8.09,Metro,Large Free Run Omega 3 Eggs,Oct,5.647358490566038
4.99,7.09,Metro,"Large Eggs Form Free Run Hens, Naturalia",Oct,5.647358490566038
2.5,2.99,TandT,Bestore Stewed Quail Eggs Spicy Flavor (128g),Oct,5.647358490566038
6.49,7.09,Metro,"Large Brown Omega-3 Eggs, Naturegg",Oct,5.647358490566038
6.49,7.09,Metro,"Large Brown Omega-3 Eggs, Naturegg",Oct,5.647358490566038
6.49,7.09,Metro,"Large Brown Omega-3 Eggs, Naturegg",Oct,5.647358490566038
6.99,8.08,Loblaws,"Naturegg Solar Free Range Eggs, Large",Oct,5.647358490566038
4.99,8.09,Metro,"Free Run Hence Large Eggs, Naturalia",Oct,5.647358490566038
4.66,6.59,TandT,Naturegg Large Omega-3 Brown Eggs (12s),Oct,5.647358490566038
6.49,8.09,Metro,Large Free Run Omega 3 Eggs,Oct,5.647358490566038
6.99,8.08,Loblaws,"Naturegg Omega Plus Solar Free Range Eggs, Large",Oct,5.647358490566038
4.99,8.09,Metro,"Free Run Hence Large Eggs, Naturalia",Oct,5.647358490566038
6.99,8.09,Metro,"Large Brown Free Range Farm Eggs, Farms",Oct,5.647358490566038
6.99,8.08,Loblaws,"Naturegg Solar Free Range Eggs, Large",Oct,5.647358490566038
6.99,8.08,Loblaws,"Naturegg Solar Free Range Eggs, Large",Oct,5.647358490566038
6.99,8.08,Loblaws,"Naturegg Solar Free Range Eggs, Large",Oct,5.647358490566038
8.29,8.69,SaveOnFoods,"Golden Valley - Country Golden Yolks Free Range Large Brown Eggs, 12 Each",Oct,5.647358490566038
4.66,6.59,TandT,Naturegg Large Omega-3 Brown Eggs (12s),Oct,5.647358490566038
8.29,8.69,SaveOnFoods,"Golden Valley - Country Golden Yolks Free Range Large Brown Eggs, 12 Each",Oct,5.647358490566038
6.99,8.08,Loblaws,"Naturegg Solar Free Range Eggs, Large",Oct,5.647358490566038
6.99,8.08,Loblaws,"Naturegg Solar Free Range Eggs, Large",Oct,5.647358490566038
6.99,8.09,Metro,"Large Brown Free Range Farm Eggs, Farms",Oct,5.647358490566038
6.99,8.09,Metro,"Large Brown Free Range Farm Eggs, Farms",Oct,5.647358490566038
4.99,8.09,Metro,"Free Run Hence Large Eggs, Naturalia",Oct,5.647358490566038
6.99,8.08,Loblaws,"Naturegg Omega Plus Solar Free Range Eggs, Large",Oct,5.647358490566038
6.49,7.29,Metro,"Free Run™ Large Eggs, Naturegg",Oct,5.647358490566038
6.99,8.08,Loblaws,"Naturegg Omega Plus Solar Free Range Eggs, Large",Oct,5.647358490566038
6.99,8.08,Loblaws,"Naturegg Omega Plus Solar Free Range Eggs, Large",Oct,5.647358490566038
6.99,8.08,Loblaws,"Naturegg Omega Plus Solar Free Range Eggs, Large",Oct,5.647358490566038
4.99,7.09,Metro,"Large Eggs Form Free Run Hens, Naturalia",Oct,5.647358490566038
7.49,8.19,Metro,Solar Free Range Large Eggs,Oct,5.647358490566038
8.29,8.69,SaveOnFoods,"Golden Valley - Country Golden Yolks Free Range Large Brown Eggs, 12 Each",Oct,5.647358490566038
6.49,8.09,Metro,Large Free Run Omega 3 Eggs,Oct,5.647358490566038
6.49,8.09,Metro,Large Free Run Omega 3 Eggs,Oct,5.647358490566038
5.49,5.79,Loblaws,"Naturegg Nest Laid White Eggs, Large",Oct,5.647358490566038
5.49,5.79,Loblaws,"Naturegg Nest Laid White Eggs, Large",Oct,5.647358490566038
4.66,6.59,TandT,Naturegg Large Omega-3 Brown Eggs (12s),Oct,5.647358490566038
2.5,2.99,TandT,Bestore Stewed Quail Eggs Spicy Flavor (128g),Oct,5.647358490566038
2.5,2.99,TandT,Bestore Stewed Quail Eggs Spicy Flavor (128g),Oct,5.647358490566038
2.5,2.99,TandT,Bestore Stewed Quail Eggs Spicy Flavor (128g),Oct,5.647358490566038
2.5,2.99,TandT,Bestore Stewed Quail Eggs Spicy Flavor (128g),Oct,5.647358490566038
2.5,2.99,TandT,Bestore Stewed Quail Eggs Spicy Flavor (128g),Oct,5.647358490566038
6.49,7.09,Metro,"Large Brown Omega-3 Eggs, Naturegg",Oct,5.647358490566038
5.49,6.09,Metro,"Nature'S Best™ Large Eggs, Naturegg",Oct,5.647358490566038
6.49,7.09,Metro,"Large Brown Omega-3 Eggs, Naturegg",Oct,5.647358490566038
6.49,7.08,Loblaws,Free Run Brown Eggs Large,Oct,5.647358490566038
4.99,7.09,Metro,"Large Eggs Form Free Run Hens, Naturalia",Oct,5.647358490566038
4.99,7.09,Metro,"Large Eggs Form Free Run Hens, Naturalia",Oct,5.647358490566038
4.99,8.09,Metro,"Free Run Hence Large Eggs, Naturalia",Oct,5.647358490566038
6.99,8.08,Loblaws,"Naturegg Omega Plus Solar Free Range Eggs, Large",Oct,5.647358490566038
6.99,8.09,Metro,"Large Brown Free Range Farm Eggs, Farms",Oct,5.647358490566038
8.29,8.69,SaveOnFoods,"Golden Valley - Country Golden Yolks Free Range Large Brown Eggs, 12 Each",Oct,5.647358490566038
5.49,5.79,Loblaws,"Naturegg Nest Laid White Eggs, Large",Oct,5.647358490566038
8.29,8.69,SaveOnFoods,"Golden Valley - Country Golden Yolks Free Range Large Brown Eggs, 12 Each",Oct,5.647358490566038
8.29,8.69,SaveOnFoods,"Golden Valley - Country Golden Yolks Free Range Large Brown Eggs, 12 Each",Oct,5.647358490566038
8.29,8.69,SaveOnFoods,"Golden Valley - Country Golden Yolks Free Range Large Brown Eggs, 12 Each",Oct,5.647358490566038
6.49,7.09,Metro,"Large Brown Omega-3 Eggs, Naturegg",Oct,5.647358490566038
5.49,5.79,Loblaws,"Naturegg Nest Laid White Eggs, Large",Oct,5.647358490566038
6.49,8.09,Metro,Large Free Run Omega 3 Eggs,Oct,5.647358490566038
6.99,8.08,Loblaws,"Naturegg Omega Plus Solar Free Range Eggs, Large",Oct,5.647358490566038
6.49,8.09,Metro,Large Free Run Omega 3 Eggs,Oct,5.647358490566038
2.5,2.99,TandT,Bestore Stewed Quail Eggs Spicy Flavor (128g),Oct,5.647358490566038
5.49,5.79,Loblaws,"Naturegg Nest Laid White Eggs, Large",Oct,5.647358490566038
5.49,5.79,Loblaws,"Naturegg Nest Laid White Eggs, Large",Oct,5.647358490566038
6.49,7.09,Metro,"Large Brown Omega-3 Eggs, Naturegg",Oct,5.647358490566038
4.37,6.37,TandT,Naturegg Omega 3 Eggs - Large (12s),Oct,5.647358490566038
6.49,7.09,Metro,"Large Brown Omega-3 Eggs, Naturegg",Oct,5.647358490566038
6.49,7.09,Metro,"Large Brown Omega-3 Eggs, Naturegg",Oct,5.647358490566038
8.29,8.69,SaveOnFoods,"Golden Valley - Country Golden Yolks Free Range Large Brown Eggs, 12 Each",Oct,5.647358490566038
6.49,7.09,Metro,"Large Brown Omega-3 Eggs, Naturegg",Oct,5.647358490566038
6.49,7.09,Metro,"Large Brown Omega-3 Eggs, Naturegg",Oct,5.647358490566038
4.37,6.37,TandT,Naturegg Omega 3 Eggs - Large (12s),Oct,5.647358490566038
6.49,7.09,Metro,"Large Brown Omega-3 Eggs, Naturegg",Oct,5.647358490566038
5.49,5.79,Loblaws,"Naturegg Nest Laid White Eggs, Large",Oct,5.647358490566038
4.37,6.37,TandT,Naturegg Omega 3 Eggs - Large (12s),Oct,5.647358490566038
